2022-10-24T00:00:42.004323,12.25,12.25
2022-10-24T00:01:43.668487,12.25,12.25
2022-10-24T00:02:45.332137,12.312,12.25
2022-10-24T00:03:46.996272,12.25,12.25
2022-10-24T00:04:48.660220,12.187,12.25
2022-10-24T00:05:50.324157,12.25,12.25
2022-10-24T00:06:51.944654,12.25,12.25
2022-10-24T00:07:53.620235,12.25,12.25
2022-10-24T00:08:55.284130,12.25,12.25
2022-10-24T00:09:56.924073,12.25,12.25
2022-10-24T00:10:58.612243,12.25,12.25
2022-10-24T00:12:00.276182,12.25,12.25
2022-10-24T00:13:01.920109,12.25,12.25
2022-10-24T00:14:03.584180,12.312,12.25
2022-10-24T00:15:05.268200,12.25,12.25
2022-10-24T00:16:06.912267,12.25,12.187
2022-10-24T00:17:08.596134,12.25,12.25
2022-10-24T00:18:10.259902,12.312,12.187
2022-10-24T00:19:11.923948,12.25,12.25
2022-10-24T00:20:13.588226,12.312,12.187
2022-10-24T00:21:15.284194,12.25,12.187
2022-10-24T00:22:16.948152,12.25,12.187
2022-10-24T00:23:18.592183,12.25,12.187
2022-10-24T00:24:20.248785,12.312,12.187
2022-10-24T00:25:21.908075,12.25,12.125
2022-10-24T00:26:23.572130,12.25,12.125
2022-10-24T00:27:25.236235,12.25,12.125
2022-10-24T00:28:26.900088,12.25,12.062
2022-10-24T00:29:28.564128,12.25,12.062
2022-10-24T00:30:30.228177,12.25,12.0
2022-10-24T00:31:31.870826,12.187,12.0
2022-10-24T00:32:33.556262,12.187,12.0
2022-10-24T00:33:35.220214,12.187,12.0
2022-10-24T00:34:36.884180,12.187,11.937
2022-10-24T00:35:38.548135,12.187,11.937
2022-10-24T00:36:40.212196,12.187,11.937
2022-10-24T00:37:41.824072,12.187,11.937
2022-10-24T00:38:43.508196,12.187,11.937
2022-10-24T00:39:45.152071,12.187,11.937
2022-10-24T00:40:46.836121,12.125,11.937
2022-10-24T00:41:48.500158,12.125,11.875
2022-10-24T00:42:50.164271,12.062,11.875
2022-10-24T00:43:51.828189,12.062,11.875
2022-10-24T00:44:53.492804,12.0,11.812
2022-10-24T00:45:55.156191,11.937,11.812
2022-10-24T00:46:56.820258,11.875,11.75
2022-10-24T00:47:58.484236,11.937,11.75
2022-10-24T00:49:00.106070,11.937,11.687
2022-10-24T00:50:01.780162,11.875,11.687
2022-10-24T00:51:03.444246,11.875,11.687
2022-10-24T00:52:05.056182,11.875,11.687
2022-10-24T00:53:06.740282,11.875,11.625
2022-10-24T00:54:08.384285,11.875,11.625
2022-10-24T00:55:10.068313,11.875,11.625
2022-10-24T00:56:11.732238,11.812,11.625
2022-10-24T00:57:13.396301,11.875,11.625
2022-10-24T00:58:15.060292,11.937,11.625
2022-10-24T00:59:16.724231,11.812,11.625
2022-10-24T01:00:18.368115,11.937,11.687
2022-10-24T01:01:20.052205,11.937,11.687
2022-10-24T01:02:21.716281,11.937,11.687
2022-10-24T01:03:23.380227,11.875,11.687
2022-10-24T01:04:25.044163,11.937,11.75
2022-10-24T01:05:26.656069,11.937,11.75
2022-10-24T01:06:28.288182,11.937,11.812
2022-10-24T01:07:29.972221,12.0,11.812
2022-10-24T01:08:31.616290,12.0,11.812
2022-10-24T01:09:33.285560,12.0,11.875
2022-10-24T01:10:34.964251,12.062,11.875
2022-10-24T01:11:36.576088,12.125,11.875
2022-10-24T01:12:38.260152,12.187,11.937
2022-10-24T01:13:39.899054,12.187,11.937
2022-10-24T01:14:41.588175,12.187,11.937
2022-10-24T01:15:43.252210,12.187,12.0
2022-10-24T01:16:44.871285,12.187,12.0
2022-10-24T01:17:46.548146,12.125,12.0
2022-10-24T01:18:48.212220,12.187,12.0
2022-10-24T01:19:49.876154,12.187,12.0
2022-10-24T01:20:51.540224,12.187,12.062
2022-10-24T01:21:53.204154,12.187,12.062
2022-10-24T01:22:54.816094,12.187,12.062
2022-10-24T01:23:56.500984,12.187,12.062
2022-10-24T01:24:58.148100,12.187,12.125
2022-10-24T01:25:59.808388,12.187,12.062
2022-10-24T01:27:01.492212,12.187,12.062
2022-10-24T01:28:03.156221,12.187,12.125
2022-10-24T01:29:04.820134,12.25,12.125
2022-10-24T01:30:06.484188,12.187,12.125
2022-10-24T01:31:08.148160,12.25,12.125
2022-10-24T01:32:09.812131,12.187,12.125
2022-10-24T01:33:11.434452,12.25,12.125
2022-10-24T01:34:13.108225,12.25,12.187
2022-10-24T01:35:14.772203,12.187,12.187
2022-10-24T01:36:16.436183,12.187,12.125
2022-10-24T01:37:18.103558,12.25,12.187
2022-10-24T01:38:19.712123,12.25,12.187
2022-10-24T01:39:21.400237,12.187,12.187
2022-10-24T01:40:23.060161,12.187,12.187
2022-10-24T01:41:24.724159,12.187,12.187
2022-10-24T01:42:26.388153,12.125,12.125
2022-10-24T01:43:28.052230,12.187,12.187
2022-10-24T01:44:29.716217,12.187,12.25
2022-10-24T01:45:31.380292,12.187,12.187
2022-10-24T01:46:33.044239,12.125,12.187
2022-10-24T01:47:34.708198,12.187,12.25
2022-10-24T01:48:36.372179,12.187,12.25
2022-10-24T01:49:37.984134,12.187,12.25
2022-10-24T01:50:39.668360,12.25,12.25
2022-10-24T01:51:41.312169,12.25,12.25
2022-10-24T01:52:42.996176,12.187,12.25
2022-10-24T01:53:44.659906,12.25,12.25
2022-10-24T01:54:46.272109,12.187,12.25
2022-10-24T01:55:47.904091,12.187,12.25
2022-10-24T01:56:49.536097,12.25,12.25
2022-10-24T01:57:51.220157,12.25,12.25
2022-10-24T01:58:52.884226,12.25,12.25
2022-10-24T01:59:54.496075,12.25,12.312
2022-10-24T02:00:56.180175,12.187,12.25
2022-10-24T02:01:57.844216,12.187,12.25
2022-10-24T02:02:59.459503,12.187,12.312
2022-10-24T02:04:01.140196,12.312,12.312
2022-10-24T02:05:02.782435,12.25,12.312
2022-10-24T02:06:04.468173,12.187,12.312
2022-10-24T02:07:06.132171,12.25,12.312
2022-10-24T02:08:07.796040,12.25,12.312
2022-10-24T02:09:09.440071,12.312,12.312
2022-10-24T02:10:11.124130,12.25,12.312
2022-10-24T02:11:12.768287,12.312,12.25
2022-10-24T02:12:14.393763,12.25,12.312
2022-10-24T02:13:16.032127,12.25,12.312
2022-10-24T02:14:17.664174,12.25,12.312
2022-10-24T02:15:19.348388,12.312,12.312
2022-10-24T02:16:20.992270,12.25,12.312
2022-10-24T02:17:22.676212,12.312,12.312
2022-10-24T02:18:24.340202,12.312,12.25
2022-10-24T02:19:26.004196,12.25,12.312
2022-10-24T02:20:27.668213,12.312,12.312
2022-10-24T02:21:29.332167,12.25,12.312
2022-10-24T02:22:30.996147,12.312,12.312
2022-10-24T02:23:32.660258,12.312,12.312
2022-10-24T02:24:34.324273,12.25,12.312
2022-10-24T02:25:35.988191,12.25,12.312
2022-10-24T02:26:37.652177,12.25,12.312
2022-10-24T02:27:39.316204,12.25,12.375
2022-10-24T02:28:40.980232,12.25,12.375
2022-10-24T02:29:42.644186,12.187,12.312
2022-10-24T02:30:44.308235,12.25,12.375
2022-10-24T02:31:45.972126,12.25,12.375
2022-10-24T02:32:47.636180,12.25,12.375
2022-10-24T02:33:49.300188,12.25,12.312
2022-10-24T02:34:50.964280,12.25,12.312
2022-10-24T02:35:52.630368,12.25,12.312
2022-10-24T02:36:54.257293,12.25,12.312
2022-10-24T02:37:55.899076,12.187,12.312
2022-10-24T02:38:57.588166,12.187,12.312
2022-10-24T02:39:59.251852,12.187,12.312
2022-10-24T02:41:00.916086,12.187,12.312
2022-10-24T02:42:02.579957,12.125,12.312
2022-10-24T02:43:04.192164,12.125,12.312
2022-10-24T02:44:05.824096,12.125,12.25
2022-10-24T02:45:07.456067,12.125,12.312
2022-10-24T02:46:09.140204,12.125,12.25
2022-10-24T02:47:10.804317,12.125,12.312
2022-10-24T02:48:12.416080,12.125,12.312
2022-10-24T02:49:14.100182,12.125,12.312
2022-10-24T02:50:15.764209,12.062,12.25
2022-10-24T02:51:17.428135,12.062,12.25
2022-10-24T02:52:19.092125,12.125,12.25
2022-10-24T02:53:20.756174,12.125,12.25
2022-10-24T02:54:22.420109,12.062,12.25
2022-10-24T02:55:24.084223,12.062,12.25
2022-10-24T02:56:25.748273,12.062,12.25
2022-10-24T02:57:27.412192,12.125,12.25
2022-10-24T02:58:29.076184,12.062,12.187
2022-10-24T02:59:30.688109,12.062,12.25
2022-10-24T03:00:32.372020,12.062,12.187
2022-10-24T03:01:34.036169,12.0,12.187
2022-10-24T03:02:35.648178,12.062,12.187
2022-10-24T03:03:37.332124,12.0,12.187
2022-10-24T03:04:38.996238,12.0,12.187
2022-10-24T03:05:40.660230,12.0,12.187
2022-10-24T03:06:42.324117,12.0,12.187
2022-10-24T03:07:43.988241,12.0,12.187
2022-10-24T03:08:45.604100,12.0,12.125
2022-10-24T03:09:47.285996,11.937,12.187
2022-10-24T03:10:48.896097,11.937,12.187
2022-10-24T03:11:50.580186,12.0,12.187
2022-10-24T03:12:52.244238,12.0,12.125
2022-10-24T03:13:53.898765,12.0,12.125
2022-10-24T03:14:55.572327,12.0,12.125
2022-10-24T03:15:57.236204,12.0,12.125
2022-10-24T03:16:58.899359,12.0,12.125
2022-10-24T03:18:00.512099,12.0,12.125
2022-10-24T03:19:02.144109,12.0,12.125
2022-10-24T03:20:03.828171,11.937,12.125
2022-10-24T03:21:05.438360,11.937,12.125
2022-10-24T03:22:07.124123,12.0,12.125
2022-10-24T03:23:08.771194,12.0,12.125
2022-10-24T03:24:10.452388,12.0,12.125
2022-10-24T03:25:12.116200,12.0,12.125
2022-10-24T03:26:13.780570,11.937,12.125
2022-10-24T03:27:15.444139,12.0,12.125
2022-10-24T03:28:17.108221,11.937,12.125
2022-10-24T03:29:18.772224,11.937,12.125
2022-10-24T03:30:20.435904,12.0,12.125
2022-10-24T03:31:22.100392,12.0,12.125
2022-10-24T03:32:23.764847,11.937,12.125
2022-10-24T03:33:25.428196,12.0,12.125
2022-10-24T03:34:27.092185,12.0,12.062
2022-10-24T03:35:28.697646,11.937,12.125
2022-10-24T03:36:30.356131,11.937,12.125
2022-10-24T03:37:32.020171,11.937,12.125
2022-10-24T03:38:33.649277,11.875,12.125
2022-10-24T03:39:35.316147,11.937,12.125
2022-10-24T03:40:36.980258,11.937,12.125
2022-10-24T03:41:38.644250,11.937,12.062
2022-10-24T03:42:40.308180,11.937,12.062
2022-10-24T03:43:41.972158,12.0,12.062
2022-10-24T03:44:43.636096,11.937,12.125
2022-10-24T03:45:45.300176,11.937,12.062
2022-10-24T03:46:46.964426,11.937,12.062
2022-10-24T03:47:48.628118,11.937,12.062
2022-10-24T03:48:50.292225,12.0,12.062
2022-10-24T03:49:51.898461,12.0,12.062
2022-10-24T03:50:53.556128,12.0,12.125
2022-10-24T03:51:55.220198,11.937,12.062
2022-10-24T03:52:56.884197,11.937,12.125
2022-10-24T03:53:58.548173,11.937,12.125
2022-10-24T03:55:00.189915,11.937,12.062
2022-10-24T03:56:01.876179,11.875,12.062
2022-10-24T03:57:03.540237,11.875,12.125
2022-10-24T03:58:05.204176,11.875,12.062
2022-10-24T03:59:06.868106,11.875,12.062
2022-10-24T04:00:08.532276,11.875,12.0
2022-10-24T04:01:10.172376,11.875,12.062
2022-10-24T04:02:11.840173,11.875,12.062
2022-10-24T04:03:13.524191,11.937,12.0
2022-10-24T04:04:15.188180,11.875,12.062
2022-10-24T04:05:16.852240,11.875,12.0
2022-10-24T04:06:18.516172,11.875,12.0
2022-10-24T04:07:20.180226,11.875,12.0
2022-10-24T04:08:21.844185,11.875,12.0
2022-10-24T04:09:23.508166,11.875,12.0
2022-10-24T04:10:25.120127,11.875,12.0
2022-10-24T04:11:26.804242,11.812,12.0
2022-10-24T04:12:28.468136,11.812,12.0
2022-10-24T04:13:30.132179,11.812,11.937
2022-10-24T04:14:31.796152,11.812,11.937
2022-10-24T04:15:33.440149,11.812,11.937
2022-10-24T04:16:35.124189,11.812,11.937
2022-10-24T04:17:36.788233,11.812,11.937
2022-10-24T04:18:38.451835,11.812,11.937
2022-10-24T04:19:40.116285,11.812,11.937
2022-10-24T04:20:41.780247,11.812,11.937
2022-10-24T04:21:43.446290,11.812,11.937
2022-10-24T04:22:45.108083,11.812,12.0
2022-10-24T04:23:46.772207,11.75,11.937
2022-10-24T04:24:48.430750,11.812,11.937
2022-10-24T04:25:50.100232,11.75,11.937
2022-10-24T04:26:51.764197,11.812,11.937
2022-10-24T04:27:53.428180,11.75,11.937
2022-10-24T04:28:55.092261,11.812,11.937
2022-10-24T04:29:56.756238,11.75,11.937
2022-10-24T04:30:58.420209,11.812,11.937
2022-10-24T04:32:00.084206,11.812,11.937
2022-10-24T04:33:01.748238,11.812,11.875
2022-10-24T04:34:03.412238,11.812,11.937
2022-10-24T04:35:05.076260,11.812,11.937
2022-10-24T04:36:06.740125,11.812,11.937
2022-10-24T04:37:08.357077,11.812,11.937
2022-10-24T04:38:10.036222,11.812,11.937
2022-10-24T04:39:11.700175,11.812,11.875
2022-10-24T04:40:13.364178,11.812,11.937
2022-10-24T04:41:15.028231,11.812,11.937
2022-10-24T04:42:16.692247,11.812,11.937
2022-10-24T04:43:18.356164,11.812,11.937
2022-10-24T04:44:20.020284,11.812,11.937
2022-10-24T04:45:21.634486,11.812,12.0
2022-10-24T04:46:23.316165,11.812,11.937
2022-10-24T04:47:24.980192,11.75,11.937
2022-10-24T04:48:26.592123,11.75,11.937
2022-10-24T04:49:28.276209,11.812,11.937
2022-10-24T04:50:29.940189,11.812,11.937
2022-10-24T04:51:31.627395,11.75,11.937
2022-10-24T04:52:33.300182,11.75,11.937
2022-10-24T04:53:34.964129,11.812,11.937
2022-10-24T04:54:36.628241,11.75,11.937
2022-10-24T04:55:38.292157,11.812,11.937
2022-10-24T04:56:39.898925,11.75,11.937
2022-10-24T04:57:41.588203,11.75,11.937
2022-10-24T04:58:43.252295,11.75,11.937
2022-10-24T04:59:44.920228,11.75,11.937
2022-10-24T05:00:46.528126,11.812,11.937
2022-10-24T05:01:48.212174,11.812,11.937
2022-10-24T05:02:49.856173,11.812,11.937
2022-10-24T05:03:51.540170,11.812,11.937
2022-10-24T05:04:53.204194,11.75,11.937
2022-10-24T05:05:54.867857,11.75,11.937
2022-10-24T05:06:56.532152,11.75,11.937
2022-10-24T05:07:58.144120,11.75,11.937
2022-10-24T05:08:59.828251,11.75,11.937
2022-10-24T05:10:01.492186,11.75,11.937
2022-10-24T05:11:03.156156,11.75,11.875
2022-10-24T05:12:04.822163,11.812,11.875
2022-10-24T05:13:06.484195,11.812,11.875
2022-10-24T05:14:08.150278,11.75,11.875
2022-10-24T05:15:09.801904,11.75,11.937
2022-10-24T05:16:11.468096,11.75,11.937
2022-10-24T05:17:13.140293,11.687,11.875
2022-10-24T05:18:14.804225,11.75,11.937
2022-10-24T05:19:16.468789,11.75,11.875
2022-10-24T05:20:18.132153,11.75,11.875
2022-10-24T05:21:19.796268,11.687,11.875
2022-10-24T05:22:21.459400,11.687,11.875
2022-10-24T05:23:23.076101,11.75,11.875
2022-10-24T05:24:24.734189,11.687,11.875
2022-10-24T05:25:26.420161,11.75,11.875
2022-10-24T05:26:28.076652,11.687,11.875
2022-10-24T05:27:29.748140,11.75,11.875
2022-10-24T05:28:31.412163,11.75,11.875
2022-10-24T05:29:33.076216,11.75,11.937
2022-10-24T05:30:34.740182,11.687,11.875
2022-10-24T05:31:36.404160,11.75,11.875
2022-10-24T05:32:38.048161,11.687,11.875
2022-10-24T05:33:39.732190,11.687,11.875
2022-10-24T05:34:41.396303,11.687,11.875
2022-10-24T05:35:43.060292,11.75,11.875
2022-10-24T05:36:44.724278,11.75,11.875
2022-10-24T05:37:46.390299,11.687,11.812
2022-10-24T05:38:48.052150,11.75,11.875
2022-10-24T05:39:49.716132,11.75,11.875
2022-10-24T05:40:51.380145,11.75,11.812
2022-10-24T05:41:53.024088,11.75,11.875
2022-10-24T05:42:54.688082,11.75,11.875
2022-10-24T05:43:56.372152,11.75,11.875
2022-10-24T05:44:58.036140,11.75,11.875
2022-10-24T05:45:59.700179,11.75,11.812
2022-10-24T05:47:01.364366,11.75,11.812
2022-10-24T05:48:02.988105,11.75,11.875
2022-10-24T05:49:04.660249,11.75,11.812
2022-10-24T05:50:06.324205,11.75,11.812
2022-10-24T05:51:07.988315,11.75,11.812
2022-10-24T05:52:09.652118,11.687,11.875
2022-10-24T05:53:11.315909,11.75,11.875
2022-10-24T05:54:12.980264,11.687,11.812
2022-10-24T05:55:14.645011,11.687,11.937
2022-10-24T05:56:16.307224,11.75,11.875
2022-10-24T05:57:17.972145,11.687,11.812
2022-10-24T05:58:19.636240,11.687,11.875
2022-10-24T05:59:21.272073,11.687,11.875
2022-10-24T06:00:22.932118,11.687,11.812
2022-10-24T06:01:24.596158,11.687,11.875
2022-10-24T06:02:26.240090,11.75,11.875
2022-10-24T06:03:27.924166,11.687,11.812
2022-10-24T06:04:29.588214,11.687,11.875
2022-10-24T06:05:31.252194,11.75,11.812
2022-10-24T06:06:32.899076,11.687,11.875
2022-10-24T06:07:34.580188,11.687,11.875
2022-10-24T06:08:36.244106,11.687,11.875
2022-10-24T06:09:37.856092,11.687,11.812
2022-10-24T06:10:39.540174,11.687,11.812
2022-10-24T06:11:41.204117,11.687,11.812
2022-10-24T06:12:42.868135,11.687,11.875
2022-10-24T06:13:44.532169,11.625,11.812
2022-10-24T06:14:46.196135,11.687,11.875
2022-10-24T06:15:47.860125,11.625,11.812
2022-10-24T06:16:49.472088,11.687,11.812
2022-10-24T06:17:51.156198,11.687,11.812
2022-10-24T06:18:52.820235,11.687,11.812
2022-10-24T06:19:54.484157,11.687,11.812
2022-10-24T06:20:56.148129,11.687,11.75
2022-10-24T06:21:57.815810,11.687,11.812
2022-10-24T06:22:59.476155,11.625,11.812
2022-10-24T06:24:01.140039,11.625,11.812
2022-10-24T06:25:02.804167,11.625,11.812
2022-10-24T06:26:04.468210,11.625,11.812
2022-10-24T06:27:06.132131,11.687,11.75
2022-10-24T06:28:07.796174,11.625,11.812
2022-10-24T06:29:09.460172,11.625,11.812
2022-10-24T06:30:11.124144,11.687,11.75
2022-10-24T06:31:12.787878,11.687,11.812
2022-10-24T06:32:14.452240,11.625,11.75
2022-10-24T06:33:16.118181,11.625,11.812
2022-10-24T06:34:17.780214,11.687,11.75
2022-10-24T06:35:19.444149,11.687,11.75
2022-10-24T06:36:21.108196,11.687,11.75
2022-10-24T06:37:22.772148,11.625,11.812
2022-10-24T06:38:24.436200,11.625,11.75
2022-10-24T06:39:26.064446,11.687,11.75
2022-10-24T06:40:27.748252,11.625,11.75
2022-10-24T06:41:29.428280,11.625,11.75
2022-10-24T06:42:31.092217,11.625,11.75
2022-10-24T06:43:32.756168,11.625,11.75
2022-10-24T06:44:34.420245,11.625,11.75
2022-10-24T06:45:36.084190,11.625,11.75
2022-10-24T06:46:37.696109,11.625,11.75
2022-10-24T06:47:39.380229,11.625,11.812
2022-10-24T06:48:41.044195,11.687,11.75
2022-10-24T06:49:42.708111,11.687,11.812
2022-10-24T06:50:44.376044,11.687,11.812
2022-10-24T06:51:46.036192,11.625,11.75
2022-10-24T06:52:47.700247,11.687,11.75
2022-10-24T06:53:49.364137,11.625,11.75
2022-10-24T06:54:51.028245,11.625,11.812
2022-10-24T06:55:52.692215,11.625,11.812
2022-10-24T06:56:54.356220,11.625,11.75
2022-10-24T06:57:55.972109,11.625,11.812
2022-10-24T06:58:57.652236,11.625,11.812
2022-10-24T06:59:59.316048,11.687,11.75
2022-10-24T07:01:00.980100,11.687,11.75
2022-10-24T07:02:02.644183,11.687,11.812
2022-10-24T07:03:04.308198,11.687,11.812
2022-10-24T07:04:05.972259,11.687,11.812
2022-10-24T07:05:07.636153,11.687,11.812
2022-10-24T07:06:09.300161,11.687,11.812
2022-10-24T07:07:10.964265,11.687,11.812
2022-10-24T07:08:12.628155,11.687,11.812
2022-10-24T07:09:14.292151,11.687,11.812
2022-10-24T07:10:15.960838,11.687,11.875
2022-10-24T07:11:17.644666,11.687,11.875
2022-10-24T07:12:19.316161,11.75,11.875
2022-10-24T07:13:20.980174,11.687,11.875
2022-10-24T07:14:22.644172,11.75,11.937
2022-10-24T07:15:24.308292,11.687,11.875
2022-10-24T07:16:25.972163,11.687,11.937
2022-10-24T07:17:27.636157,11.687,11.937
2022-10-24T07:18:29.303957,11.75,11.937
2022-10-24T07:19:30.928143,11.75,11.937
2022-10-24T07:20:32.576104,11.687,11.937
2022-10-24T07:21:34.284234,11.687,12.0
2022-10-24T07:22:35.898131,11.75,11.937
2022-10-24T07:23:37.556144,11.75,12.0
2022-10-24T07:24:39.220234,11.687,12.0
2022-10-24T07:25:40.884141,11.687,12.0
2022-10-24T07:26:42.548114,11.75,12.0
2022-10-24T07:27:44.179284,11.75,12.0
2022-10-24T07:28:45.843910,11.75,12.062
2022-10-24T07:29:47.508173,11.812,12.0
2022-10-24T07:30:49.172198,11.75,12.062
2022-10-24T07:31:50.838742,11.812,12.0
2022-10-24T07:32:52.500129,11.75,12.062
2022-10-24T07:33:54.164212,11.75,12.0
2022-10-24T07:34:55.828091,11.75,12.062
2022-10-24T07:35:57.492077,11.75,12.062
2022-10-24T07:36:59.156890,11.75,12.062
2022-10-24T07:38:00.820290,11.75,12.062
2022-10-24T07:39:02.454033,11.687,12.062
2022-10-24T07:40:04.103313,11.75,12.062
2022-10-24T07:41:05.782331,11.75,12.062
2022-10-24T07:42:07.444114,11.687,12.062
2022-10-24T07:43:09.097901,11.75,12.125
2022-10-24T07:44:10.772370,11.75,12.125
2022-10-24T07:45:12.436165,11.75,12.125
2022-10-24T07:46:14.100170,11.75,12.062
2022-10-24T07:47:15.764117,11.75,12.125
2022-10-24T07:48:17.428140,11.687,12.125
2022-10-24T07:49:19.092160,11.687,12.125
2022-10-24T07:50:20.756299,11.75,12.125
2022-10-24T07:51:22.392074,11.75,12.125
2022-10-24T07:52:24.031274,11.75,12.125
2022-10-24T07:53:25.716198,11.75,12.125
2022-10-24T07:54:27.380155,11.75,12.125
2022-10-24T07:55:29.044059,11.75,12.125
2022-10-24T07:56:30.708285,11.75,12.125
2022-10-24T07:57:32.372197,11.75,12.125
2022-10-24T07:58:34.036142,11.75,12.062
2022-10-24T07:59:35.660072,11.75,12.062
2022-10-24T08:00:37.332139,11.812,12.125
2022-10-24T08:01:38.995408,11.812,12.062
2022-10-24T08:02:40.660186,11.812,12.125
2022-10-24T08:03:42.324152,11.812,12.125
2022-10-24T08:04:43.957393,11.812,12.125
2022-10-24T08:05:45.620142,11.812,12.125
2022-10-24T08:06:47.284176,11.875,12.125
2022-10-24T08:07:48.899103,11.875,12.125
2022-10-24T08:08:50.580198,11.875,12.187
2022-10-24T08:09:52.244148,11.875,12.187
2022-10-24T08:10:53.899061,11.937,12.187
2022-10-24T08:11:55.572136,11.937,12.187
2022-10-24T08:12:57.236270,11.937,12.25
2022-10-24T08:13:58.900180,11.937,12.25
2022-10-24T08:15:00.564196,12.0,12.25
2022-10-24T08:16:02.227793,12.0,12.312
2022-10-24T08:17:03.892282,11.937,12.312
2022-10-24T08:18:05.556242,11.937,12.312
2022-10-24T08:19:07.284189,12.0,12.312
2022-10-24T08:20:08.899049,12.0,12.375
2022-10-24T08:21:10.580238,12.0,12.437
2022-10-24T08:22:12.244325,12.0,12.437
2022-10-24T08:23:13.899041,12.062,12.437
2022-10-24T08:24:15.572105,12.062,12.5
2022-10-24T08:25:17.236184,12.125,12.562
2022-10-24T08:26:18.899091,12.125,12.625
2022-10-24T08:27:20.563826,12.125,12.625
2022-10-24T08:28:22.228152,12.125,12.625
2022-10-24T08:29:23.892207,12.125,12.75
2022-10-24T08:30:25.544080,12.125,12.75
2022-10-24T08:31:27.219325,12.125,12.75
2022-10-24T08:32:28.884104,12.187,12.75
2022-10-24T08:33:30.552091,12.187,12.812
2022-10-24T08:34:32.212232,12.25,12.875
2022-10-24T08:35:33.876196,12.25,12.875
2022-10-24T08:36:35.520101,12.25,12.937
2022-10-24T08:37:37.204119,12.25,12.937
2022-10-24T08:38:38.871889,12.25,12.937
2022-10-24T08:39:40.532303,12.312,13.0
2022-10-24T08:40:42.196157,12.375,13.0
2022-10-24T08:41:43.860114,12.312,13.062
2022-10-24T08:42:45.524210,12.437,13.125
2022-10-24T08:43:47.188217,12.375,13.062
2022-10-24T08:44:48.852132,12.375,13.125
2022-10-24T08:45:50.516193,12.437,13.125
2022-10-24T08:46:52.180143,12.375,13.125
2022-10-24T08:47:53.844153,12.375,13.125
2022-10-24T08:48:55.508196,12.437,13.125
2022-10-24T08:49:57.172174,12.437,13.125
2022-10-24T08:50:58.836120,12.5,13.125
2022-10-24T08:52:00.500223,12.562,13.25
2022-10-24T08:53:02.167859,12.562,13.187
2022-10-24T08:54:03.828207,12.562,13.25
2022-10-24T08:55:05.492196,12.562,13.25
2022-10-24T08:56:07.156168,12.562,13.312
2022-10-24T08:57:08.820140,12.562,13.312
2022-10-24T08:58:10.484176,12.562,13.312
2022-10-24T08:59:12.148071,12.5,13.375
2022-10-24T09:00:13.812077,12.562,13.312
2022-10-24T09:01:15.479884,12.562,13.312
2022-10-24T09:02:17.152108,12.562,13.312
2022-10-24T09:03:18.840217,12.562,13.375
2022-10-24T09:04:20.502978,12.625,13.437
2022-10-24T09:05:22.164140,12.687,13.5
2022-10-24T09:06:23.828164,12.75,13.562
2022-10-24T09:07:25.492158,12.75,13.625
2022-10-24T09:08:27.156844,12.812,13.625
2022-10-24T09:09:28.820182,12.812,13.75
2022-10-24T09:10:30.484169,12.875,13.875
2022-10-24T09:11:32.148092,12.937,13.937
2022-10-24T09:12:33.812113,13.0,14.0
2022-10-24T09:13:35.476130,13.062,14.125
2022-10-24T09:14:37.140169,13.125,14.187
2022-10-24T09:15:38.804219,13.187,14.312
2022-10-24T09:16:40.468340,13.187,14.375
2022-10-24T09:17:42.132265,13.187,14.437
2022-10-24T09:18:43.796170,13.312,14.562
2022-10-24T09:19:45.460051,13.312,14.625
2022-10-24T09:20:47.124190,13.25,14.687
2022-10-24T09:21:48.788180,13.312,14.812
2022-10-24T09:22:50.452245,13.437,14.875
2022-10-24T09:23:52.116184,13.437,15.0
2022-10-24T09:24:53.780193,13.5,15.062
2022-10-24T09:25:55.444239,13.437,15.187
2022-10-24T09:26:57.096048,13.5,15.187
2022-10-24T09:27:58.772177,13.687,15.375
2022-10-24T09:29:00.436292,13.687,15.312
2022-10-24T09:30:02.100191,13.562,15.375
2022-10-24T09:31:03.764189,13.5,15.375
2022-10-24T09:32:05.428116,13.5,15.312
2022-10-24T09:33:07.092109,13.562,15.312
2022-10-24T09:34:08.756190,13.625,15.375
2022-10-24T09:35:10.420145,13.625,15.437
2022-10-24T09:36:12.084086,13.5,15.375
2022-10-24T09:37:13.748148,13.562,15.5
2022-10-24T09:38:15.412121,13.687,15.562
2022-10-24T09:39:17.076107,13.75,15.687
2022-10-24T09:40:18.740119,13.812,15.75
2022-10-24T09:41:20.404218,13.812,15.875
2022-10-24T09:42:22.016120,13.875,15.937
2022-10-24T09:43:23.700195,14.0,16.062
2022-10-24T09:44:25.366851,13.937,16.0
2022-10-24T09:45:27.028180,13.875,16.125
2022-10-24T09:46:28.692202,13.937,16.125
2022-10-24T09:47:30.356250,13.937,16.187
2022-10-24T09:48:32.026991,13.937,16.187
2022-10-24T09:49:33.715819,14.062,16.25
2022-10-24T09:50:35.380166,14.25,16.437
2022-10-24T09:51:37.044181,14.312,16.562
2022-10-24T09:52:38.708204,14.5,16.812
2022-10-24T09:53:40.352187,14.562,17.062
2022-10-24T09:54:42.036146,14.5,17.062
2022-10-24T09:55:43.652066,14.437,17.062
2022-10-24T09:56:45.330008,14.375,17.0
2022-10-24T09:57:46.996205,14.25,16.812
2022-10-24T09:58:48.656076,14.187,16.625
2022-10-24T09:59:50.324215,14.187,16.5
2022-10-24T10:00:51.939098,14.25,16.437
2022-10-24T10:01:53.620164,14.187,16.375
2022-10-24T10:02:55.284138,14.25,16.25
2022-10-24T10:03:56.898591,14.25,16.25
2022-10-24T10:04:58.579658,14.25,16.25
2022-10-24T10:06:00.224076,14.25,16.312
2022-10-24T10:07:01.911961,14.312,16.25
2022-10-24T10:08:03.572182,14.25,16.25
2022-10-24T10:09:05.236124,14.25,16.25
2022-10-24T10:10:06.900181,14.25,16.312
2022-10-24T10:11:08.564234,14.312,16.25
2022-10-24T10:12:10.230294,14.375,16.375
2022-10-24T10:13:11.872124,14.5,16.375
2022-10-24T10:14:13.559096,14.5,16.375
2022-10-24T10:15:15.213987,14.5,16.437
2022-10-24T10:16:16.871941,14.5,16.437
2022-10-24T10:17:18.548284,14.437,16.375
2022-10-24T10:18:20.212234,14.375,16.375
2022-10-24T10:19:21.878095,14.437,16.375
2022-10-24T10:20:23.488181,14.5,16.375
2022-10-24T10:21:25.120296,14.562,16.437
2022-10-24T10:22:26.804068,14.625,16.5
2022-10-24T10:23:28.472222,14.687,16.562
2022-10-24T10:24:30.132194,14.75,16.562
2022-10-24T10:25:31.796066,14.75,16.625
2022-10-24T10:26:33.460103,14.75,16.75
2022-10-24T10:27:35.124119,14.812,16.75
2022-10-24T10:28:36.787892,14.812,16.812
2022-10-24T10:29:38.466845,14.812,16.875
2022-10-24T10:30:40.184090,14.875,16.875
2022-10-24T10:31:41.845773,14.875,16.937
2022-10-24T10:32:43.508198,14.875,16.937
2022-10-24T10:33:45.172239,14.875,16.875
2022-10-24T10:34:46.842938,14.875,16.875
2022-10-24T10:35:48.564419,14.875,16.937
2022-10-24T10:36:50.227730,14.875,16.937
2022-10-24T10:37:51.892119,14.875,16.875
2022-10-24T10:38:53.556132,14.937,16.937
2022-10-24T10:39:55.284317,15.062,16.937
2022-10-24T10:40:56.948315,15.125,17.062
2022-10-24T10:41:58.611902,15.187,17.187
2022-10-24T10:43:00.276054,15.187,17.187
2022-10-24T10:44:01.940232,15.25,17.187
2022-10-24T10:45:03.606184,15.25,17.25
2022-10-24T10:46:05.268105,15.312,17.312
2022-10-24T10:47:06.899053,15.312,17.312
2022-10-24T10:48:08.564061,15.375,17.375
2022-10-24T10:49:10.228348,15.562,17.5
2022-10-24T10:50:11.892282,15.5,17.562
2022-10-24T10:51:13.559914,15.625,17.625
2022-10-24T10:52:15.220118,15.562,17.687
2022-10-24T10:53:16.884213,15.562,17.75
2022-10-24T10:54:18.548170,15.687,17.812
2022-10-24T10:55:20.179517,15.75,17.937
2022-10-24T10:56:21.844578,15.75,17.937
2022-10-24T10:57:23.508128,15.75,18.0
2022-10-24T10:58:25.152291,15.875,18.125
2022-10-24T10:59:26.839391,15.875,18.187
2022-10-24T11:00:28.498858,16.0,18.25
2022-10-24T11:01:30.162055,15.937,18.312
2022-10-24T11:02:31.811040,16.0,18.375
2022-10-24T11:03:33.492903,15.812,18.312
2022-10-24T11:04:35.156433,15.75,18.312
2022-10-24T11:05:36.820571,15.812,18.312
2022-10-24T11:06:38.484288,15.812,18.312
2022-10-24T11:07:40.148260,15.875,18.312
2022-10-24T11:08:41.812539,15.812,18.312
2022-10-24T11:09:43.476273,15.875,18.437
2022-10-24T11:10:45.140129,16.062,18.5
2022-10-24T11:11:46.804073,15.937,18.437
2022-10-24T11:12:48.467365,16.0,18.437
2022-10-24T11:13:50.132068,16.125,18.5
2022-10-24T11:14:51.796071,16.187,18.562
2022-10-24T11:15:53.460050,16.125,18.562
2022-10-24T11:16:55.124039,16.187,18.562
2022-10-24T11:17:56.788079,16.125,18.625
2022-10-24T11:18:58.452353,16.125,18.562
2022-10-24T11:20:00.116314,16.125,18.625
2022-10-24T11:21:01.780201,16.062,18.562
2022-10-24T11:22:03.392263,16.062,18.625
2022-10-24T11:23:05.075877,16.437,18.937
2022-10-24T11:24:06.720115,16.625,19.312
2022-10-24T11:25:08.383161,16.812,19.625
2022-10-24T11:26:10.068112,16.875,19.937
2022-10-24T11:27:11.764091,17.125,20.25
2022-10-24T11:28:13.428281,17.375,20.5
2022-10-24T11:29:15.092221,17.625,20.75
2022-10-24T11:30:16.756072,17.687,20.875
2022-10-24T11:31:18.419317,17.5,20.875
2022-10-24T11:32:20.084263,17.125,20.875
2022-10-24T11:33:21.748185,17.062,20.75
2022-10-24T11:34:23.412210,16.812,20.437
2022-10-24T11:35:25.076236,16.625,20.187
2022-10-24T11:36:26.740211,16.437,19.875
2022-10-24T11:37:28.350206,16.187,19.562
2022-10-24T11:38:30.036151,15.937,19.125
2022-10-24T11:39:31.700125,15.812,18.75
2022-10-24T11:40:33.364293,15.812,18.5
2022-10-24T11:41:35.028222,16.0,18.562
2022-10-24T11:42:36.680297,16.062,18.562
2022-10-24T11:43:38.356222,16.312,18.75
2022-10-24T11:44:40.020187,16.375,19.0
2022-10-24T11:45:41.632274,16.437,19.062
2022-10-24T11:46:43.316133,16.187,19.062
2022-10-24T11:47:44.980214,16.187,18.937
2022-10-24T11:48:46.644193,16.125,18.875
2022-10-24T11:49:48.308239,16.062,18.75
2022-10-24T11:50:49.972189,16.0,18.687
2022-10-24T11:51:51.636255,16.0,18.625
2022-10-24T11:52:53.300145,16.062,18.625
2022-10-24T11:53:54.966057,16.125,18.625
2022-10-24T11:54:56.590847,16.0,18.625
2022-10-24T11:55:58.260273,15.812,18.5
2022-10-24T11:56:59.898243,15.75,18.375
2022-10-24T11:58:01.522613,15.75,18.312
2022-10-24T11:59:03.188249,15.687,18.187
2022-10-24T12:00:04.852184,15.75,18.187
2022-10-24T12:01:06.519826,15.75,18.187
2022-10-24T12:02:08.180210,15.875,18.187
2022-10-24T12:03:09.846370,15.875,18.187
2022-10-24T12:04:11.508133,15.812,18.062
2022-10-24T12:05:13.172208,15.562,17.812
2022-10-24T12:06:14.816104,15.562,17.687
2022-10-24T12:07:16.500171,15.562,17.687
2022-10-24T12:08:18.164182,15.5,17.5
2022-10-24T12:09:19.808110,15.437,17.375
2022-10-24T12:10:21.492155,15.687,17.437
2022-10-24T12:11:23.155941,15.937,17.625
2022-10-24T12:12:24.819884,16.0,17.812
2022-10-24T12:13:26.468150,16.0,17.937
2022-10-24T12:14:28.148208,15.875,17.937
2022-10-24T12:15:29.812234,15.875,17.875
2022-10-24T12:16:31.424118,16.125,18.062
2022-10-24T12:17:33.056111,16.312,18.25
2022-10-24T12:18:34.772131,16.375,18.375
2022-10-24T12:19:36.436137,16.437,18.562
2022-10-24T12:20:38.100163,16.375,18.625
2022-10-24T12:21:39.764142,16.312,18.625
2022-10-24T12:22:41.428207,16.375,18.75
2022-10-24T12:23:43.092132,16.25,18.75
2022-10-24T12:24:44.756235,16.437,18.875
2022-10-24T12:25:46.420165,16.5,19.062
2022-10-24T12:26:48.068359,16.375,19.062
2022-10-24T12:27:49.748224,16.187,18.937
2022-10-24T12:28:51.412164,16.125,18.75
2022-10-24T12:29:53.076204,16.0,18.562
2022-10-24T12:30:54.697026,15.812,18.312
2022-10-24T12:31:56.372200,15.875,18.187
2022-10-24T12:32:58.036178,15.937,18.187
2022-10-24T12:33:59.700902,16.062,18.187
2022-10-24T12:35:01.364141,16.125,18.312
2022-10-24T12:36:03.028178,16.062,18.25
2022-10-24T12:37:04.692174,15.875,18.125
2022-10-24T12:38:06.342372,15.937,18.125
2022-10-24T12:39:08.020104,15.875,18.062
2022-10-24T12:40:09.684166,15.875,18.0
2022-10-24T12:41:11.380339,15.812,18.0
2022-10-24T12:42:13.044146,15.875,18.0
2022-10-24T12:43:14.688125,15.75,17.937
2022-10-24T12:44:16.371685,15.687,17.937
2022-10-24T12:45:18.036209,15.75,18.0
2022-10-24T12:46:19.700785,15.687,17.875
2022-10-24T12:47:21.344299,15.562,17.75
2022-10-24T12:48:23.028188,15.5,17.687
2022-10-24T12:49:24.640177,15.687,17.687
2022-10-24T12:50:26.324216,15.875,17.812
2022-10-24T12:51:27.976163,15.937,17.937
2022-10-24T12:52:29.652157,15.937,17.937
2022-10-24T12:53:31.316239,15.875,17.875
2022-10-24T12:54:32.980183,15.75,17.75
2022-10-24T12:55:34.644214,15.625,17.687
2022-10-24T12:56:36.308206,15.687,17.687
2022-10-24T12:57:37.972300,15.937,17.687
2022-10-24T12:58:39.636074,16.187,17.875
2022-10-24T12:59:41.299962,16.437,18.125
2022-10-24T13:00:42.964221,16.375,18.375
2022-10-24T13:01:44.630477,16.5,18.5
2022-10-24T13:02:46.296244,16.687,18.687
2022-10-24T13:03:47.904095,16.875,18.875
2022-10-24T13:04:49.588177,16.75,18.937
2022-10-24T13:05:51.252274,16.687,19.062
2022-10-24T13:06:52.899108,16.687,19.062
2022-10-24T13:07:54.580188,16.687,19.062
2022-10-24T13:08:56.236712,16.562,19.0
2022-10-24T13:09:57.856178,16.375,18.75
2022-10-24T13:10:59.540187,16.562,18.812
2022-10-24T13:12:01.204213,16.812,18.875
2022-10-24T13:13:02.832075,17.187,19.062
2022-10-24T13:14:04.459229,17.5,19.312
2022-10-24T13:15:06.088104,17.625,19.5
2022-10-24T13:16:07.742065,17.5,19.625
2022-10-24T13:17:09.428219,17.312,19.625
2022-10-24T13:18:11.092177,17.25,19.625
2022-10-24T13:19:12.756194,17.312,19.687
2022-10-24T13:20:14.422314,17.562,19.812
2022-10-24T13:21:16.084188,17.687,20.062
2022-10-24T13:22:17.748181,17.812,20.25
2022-10-24T13:23:19.412206,17.75,20.375
2022-10-24T13:24:21.076207,17.687,20.562
2022-10-24T13:25:22.740152,17.875,20.625
2022-10-24T13:26:24.404155,17.875,20.75
2022-10-24T13:27:26.068294,17.875,20.875
2022-10-24T13:28:27.717337,17.937,21.0
2022-10-24T13:29:29.396157,18.125,21.0
2022-10-24T13:30:31.060033,18.125,21.0
2022-10-24T13:31:32.755550,18.187,21.0
2022-10-24T13:32:34.420170,18.125,20.937
2022-10-24T13:33:36.084242,17.937,20.937
2022-10-24T13:34:37.748167,18.062,20.937
2022-10-24T13:35:39.416323,17.875,20.812
2022-10-24T13:36:41.076500,17.625,20.625
2022-10-24T13:37:42.740181,17.5,20.375
2022-10-24T13:38:44.404201,17.375,20.187
2022-10-24T13:39:46.048184,17.312,20.187
2022-10-24T13:40:47.736216,17.5,20.187
2022-10-24T13:41:49.396047,17.25,19.937
2022-10-24T13:42:51.060253,17.25,19.75
2022-10-24T13:43:52.724196,17.562,19.75
2022-10-24T13:44:54.388193,17.312,19.625
2022-10-24T13:45:56.068236,16.875,19.312
2022-10-24T13:46:57.747956,16.75,19.062
2022-10-24T13:47:59.444230,16.625,18.812
2022-10-24T13:49:01.064097,16.437,18.5
2022-10-24T13:50:02.692137,16.312,18.312
2022-10-24T13:51:04.374580,16.25,18.125
2022-10-24T13:52:06.036134,16.125,17.937
2022-10-24T13:53:07.700152,16.125,17.812
2022-10-24T13:54:09.364262,16.062,17.687
2022-10-24T13:55:11.028168,16.062,17.625
2022-10-24T13:56:12.692153,16.062,17.562
2022-10-24T13:57:14.356294,16.062,17.5
2022-10-24T13:58:16.000035,16.125,17.562
2022-10-24T13:59:17.683362,16.125,17.562
2022-10-24T14:00:19.348139,16.187,17.625
2022-10-24T14:01:21.012160,16.062,17.562
2022-10-24T14:02:22.680197,16.0,17.437
2022-10-24T14:03:24.340287,15.937,17.312
2022-10-24T14:04:26.004216,15.875,17.25
2022-10-24T14:05:27.668165,15.875,17.187
2022-10-24T14:06:29.332198,15.875,17.125
2022-10-24T14:07:30.944137,15.875,17.062
2022-10-24T14:08:32.628151,15.875,17.0
2022-10-24T14:09:34.278160,15.812,16.937
2022-10-24T14:10:35.898224,15.812,16.875
2022-10-24T14:11:37.556176,15.687,16.812
2022-10-24T14:12:39.220274,15.562,16.75
2022-10-24T14:13:40.884168,15.312,16.687
2022-10-24T14:14:42.548163,15.312,16.562
2022-10-24T14:15:44.212199,15.125,16.5
2022-10-24T14:16:45.876218,15.0,16.375
2022-10-24T14:17:47.508073,15.0,16.375
2022-10-24T14:18:49.172123,15.125,16.437
2022-10-24T14:19:50.836206,15.25,16.562
2022-10-24T14:20:52.500055,15.312,16.625
2022-10-24T14:21:54.112147,15.375,16.75
2022-10-24T14:22:55.796135,15.312,16.75
2022-10-24T14:23:57.460227,15.25,16.687
2022-10-24T14:24:59.124139,15.187,16.625
2022-10-24T14:26:00.788134,15.125,16.562
2022-10-24T14:27:02.452138,15.187,16.5
2022-10-24T14:28:04.064071,15.062,16.5
2022-10-24T14:29:05.748096,15.0,16.437
2022-10-24T14:30:07.412216,15.0,16.375
2022-10-24T14:31:09.076213,15.0,16.437
2022-10-24T14:32:10.740210,15.0,16.437
2022-10-24T14:33:12.404172,15.0,16.437
2022-10-24T14:34:14.067880,15.125,16.5
2022-10-24T14:35:15.732198,15.125,16.562
2022-10-24T14:36:17.396190,15.187,16.562
2022-10-24T14:37:19.124229,15.187,16.562
2022-10-24T14:38:20.788146,15.312,16.687
2022-10-24T14:39:22.452139,15.5,16.937
2022-10-24T14:40:24.113878,15.75,17.187
2022-10-24T14:41:25.760292,15.875,17.5
2022-10-24T14:42:27.444247,15.937,17.687
2022-10-24T14:43:29.108354,15.875,17.812
2022-10-24T14:44:30.752184,15.937,17.875
2022-10-24T14:45:32.436141,15.937,17.875
2022-10-24T14:46:34.100122,15.937,17.875
2022-10-24T14:47:35.764850,15.937,17.812
2022-10-24T14:48:37.428160,15.937,17.812
2022-10-24T14:49:39.092257,15.875,17.75
2022-10-24T14:50:40.756145,15.937,17.5
2022-10-24T14:51:42.420201,15.875,17.437
2022-10-24T14:52:44.084170,15.812,17.375
2022-10-24T14:53:45.748143,15.687,17.25
2022-10-24T14:54:47.416254,15.625,17.125
2022-10-24T14:55:49.076172,15.625,17.0
2022-10-24T14:56:50.740162,15.5,16.937
2022-10-24T14:57:52.348876,15.437,16.812
2022-10-24T14:58:54.036116,15.375,16.687
2022-10-24T14:59:55.700280,15.437,16.625
2022-10-24T15:00:57.364831,15.375,16.625
2022-10-24T15:01:59.028318,15.375,16.562
2022-10-24T15:03:00.692245,15.312,16.5
2022-10-24T15:04:02.356092,15.375,16.437
2022-10-24T15:05:04.020076,15.375,16.437
2022-10-24T15:06:05.684192,15.375,16.375
2022-10-24T15:07:07.328117,15.375,16.312
2022-10-24T15:08:09.016228,15.375,16.312
2022-10-24T15:09:10.665922,15.312,16.25
2022-10-24T15:10:12.340237,15.312,16.187
2022-10-24T15:11:14.004343,15.25,16.062
2022-10-24T15:12:15.668214,15.25,15.937
2022-10-24T15:13:17.332142,15.187,15.875
2022-10-24T15:14:18.996161,15.125,15.812
2022-10-24T15:15:20.660192,15.125,15.75
2022-10-24T15:16:22.324206,15.125,15.75
2022-10-24T15:17:23.988270,15.125,15.75
2022-10-24T15:18:25.652073,15.0,15.75
2022-10-24T15:19:27.316132,14.875,15.687
2022-10-24T15:20:28.980243,14.75,15.625
2022-10-24T15:21:30.643926,14.687,15.437
2022-10-24T15:22:32.308200,14.562,15.375
2022-10-24T15:23:33.952093,14.5,15.25
2022-10-24T15:24:35.636197,14.437,15.187
2022-10-24T15:25:37.300147,14.25,15.062
2022-10-24T15:26:38.964632,14.062,14.937
2022-10-24T15:27:40.628253,13.875,14.875
2022-10-24T15:28:42.292194,13.687,14.75
2022-10-24T15:29:43.899057,13.687,14.625
2022-10-24T15:30:45.588024,13.5,14.562
2022-10-24T15:31:47.251359,13.5,14.5
2022-10-24T15:32:48.916198,13.375,14.375
2022-10-24T15:33:50.584211,13.25,14.312
2022-10-24T15:34:52.244058,13.25,14.25
2022-10-24T15:35:53.899507,13.062,14.25
2022-10-24T15:36:55.572046,13.0,14.187
2022-10-24T15:37:57.236174,12.937,14.125
2022-10-24T15:38:58.900067,13.0,14.062
2022-10-24T15:40:00.564209,13.0,14.0
2022-10-24T15:41:02.228179,13.0,14.0
2022-10-24T15:42:03.892199,13.125,13.937
2022-10-24T15:43:05.556210,13.062,13.937
2022-10-24T15:44:07.220150,13.0,13.875
2022-10-24T15:45:08.884103,12.937,13.875
2022-10-24T15:46:10.548155,13.0,13.812
2022-10-24T15:47:12.212130,13.0,13.812
2022-10-24T15:48:13.876118,12.937,13.75
2022-10-24T15:49:15.540311,12.937,13.687
2022-10-24T15:50:17.168103,12.937,13.687
2022-10-24T15:51:18.836217,12.875,13.625
2022-10-24T15:52:20.500180,12.937,13.625
2022-10-24T15:53:22.164195,12.937,13.625
2022-10-24T15:54:23.828240,12.875,13.562
2022-10-24T15:55:25.441977,12.875,13.562
2022-10-24T15:56:27.124293,12.875,13.562
2022-10-24T15:57:28.789838,12.875,13.5
2022-10-24T15:58:30.452219,12.812,13.437
2022-10-24T15:59:32.067438,12.812,13.437
2022-10-24T16:00:33.700048,12.75,13.437
2022-10-24T16:01:35.352073,12.75,13.437
2022-10-24T16:02:37.012222,12.75,13.312
2022-10-24T16:03:38.676309,12.687,13.312
2022-10-24T16:04:40.340051,12.75,13.312
2022-10-24T16:05:42.004167,12.75,13.312
2022-10-24T16:06:43.620206,12.75,13.25
2022-10-24T16:07:45.250440,12.75,13.25
2022-10-24T16:08:46.948163,12.687,13.25
2022-10-24T16:09:48.627971,12.687,13.187
2022-10-24T16:10:50.292130,12.687,13.187
2022-10-24T16:11:51.956164,12.687,13.187
2022-10-24T16:12:53.620131,12.687,13.25
2022-10-24T16:13:55.284237,12.687,13.187
2022-10-24T16:14:56.920074,12.75,13.187
2022-10-24T16:15:58.580178,12.687,13.187
2022-10-24T16:17:00.244246,12.687,13.187
2022-10-24T16:18:01.908325,12.75,13.125
2022-10-24T16:19:03.524108,12.75,13.125
2022-10-24T16:20:05.208215,12.75,13.187
2022-10-24T16:21:06.868217,12.812,13.125
2022-10-24T16:22:08.532205,12.75,13.187
2022-10-24T16:23:10.196312,12.812,13.187
2022-10-24T16:24:11.860217,12.812,13.187
2022-10-24T16:25:13.524107,12.812,13.187
2022-10-24T16:26:15.188131,12.875,13.187
2022-10-24T16:27:16.852056,12.875,13.187
2022-10-24T16:28:18.496094,12.875,13.25
2022-10-24T16:29:20.180209,12.875,13.25
2022-10-24T16:30:21.844283,12.812,13.25
2022-10-24T16:31:23.508261,12.875,13.187
2022-10-24T16:32:25.172274,12.875,13.25
2022-10-24T16:33:26.836154,12.812,13.187
2022-10-24T16:34:28.500161,12.812,13.187
2022-10-24T16:35:30.164168,12.875,13.187
2022-10-24T16:36:31.828178,12.812,13.125
2022-10-24T16:37:33.492260,12.75,13.125
2022-10-24T16:38:35.156179,12.75,13.062
2022-10-24T16:39:36.820299,12.687,13.0
2022-10-24T16:40:38.484256,12.687,12.937
2022-10-24T16:41:40.148243,12.687,12.937
2022-10-24T16:42:41.812096,12.687,12.875
2022-10-24T16:43:43.476206,12.625,12.812
2022-10-24T16:44:45.140165,12.625,12.75
2022-10-24T16:45:46.804126,12.625,12.687
2022-10-24T16:46:48.468827,12.562,12.687
2022-10-24T16:47:50.132203,12.562,12.687
2022-10-24T16:48:51.796235,12.5,12.625
2022-10-24T16:49:53.460257,12.562,12.625
2022-10-24T16:50:55.072142,12.5,12.562
2022-10-24T16:51:56.736076,12.5,12.5
2022-10-24T16:52:58.424020,12.5,12.5
2022-10-24T16:54:00.084212,12.437,12.437
2022-10-24T16:55:01.739461,12.437,12.375
2022-10-24T16:56:03.427889,12.437,12.375
2022-10-24T16:57:05.108217,12.437,12.312
2022-10-24T16:58:06.772194,12.437,12.25
2022-10-24T16:59:08.436252,12.375,12.25
2022-10-24T17:00:10.100190,12.375,12.187
2022-10-24T17:01:11.715403,12.375,12.187
2022-10-24T17:02:13.396242,12.375,12.187
2022-10-24T17:03:15.060220,12.375,12.187
2022-10-24T17:04:16.724184,12.375,12.125
2022-10-24T17:05:18.388156,12.312,12.062
2022-10-24T17:06:20.052220,12.375,12.125
2022-10-24T17:07:21.716142,12.375,12.125
2022-10-24T17:08:23.340109,12.312,12.125
2022-10-24T17:09:25.012233,12.375,12.125
2022-10-24T17:10:26.676189,12.375,12.125
2022-10-24T17:11:28.340337,12.312,12.125
2022-10-24T17:12:30.004207,12.312,12.125
2022-10-24T17:13:31.668206,12.25,12.062
2022-10-24T17:14:33.332181,12.25,12.062
2022-10-24T17:15:34.964073,12.25,12.062
2022-10-24T17:16:36.632212,12.25,12.0
2022-10-24T17:17:38.292175,12.187,12.0
2022-10-24T17:18:39.898842,12.25,11.937
2022-10-24T17:19:41.556563,12.187,11.937
2022-10-24T17:20:43.200092,12.187,11.937
2022-10-24T17:21:44.884305,12.187,11.875
2022-10-24T17:22:46.548178,12.187,11.875
2022-10-24T17:23:48.212161,12.125,11.875
2022-10-24T17:24:49.876112,12.125,11.875
2022-10-24T17:25:51.540294,12.062,11.812
2022-10-24T17:26:53.204262,12.125,11.812
2022-10-24T17:27:54.816099,12.125,11.875
2022-10-24T17:28:56.500189,12.125,11.812
2022-10-24T17:29:58.164152,12.125,11.75
2022-10-24T17:30:59.828270,12.125,11.75
2022-10-24T17:32:01.484734,12.062,11.687
2022-10-24T17:33:03.136133,12.062,11.687
2022-10-24T17:34:04.820166,12.062,11.687
2022-10-24T17:35:06.432117,12.062,11.687
2022-10-24T17:36:08.116178,12.062,11.687
2022-10-24T17:37:09.780101,12.062,11.625
2022-10-24T17:38:11.444185,12.062,11.625
2022-10-24T17:39:13.108187,12.062,11.687
2022-10-24T17:40:14.768127,12.0,11.687
2022-10-24T17:41:16.468218,12.0,11.625
2022-10-24T17:42:18.132181,12.062,11.625
2022-10-24T17:43:19.796166,12.0,11.562
2022-10-24T17:44:21.459819,12.0,11.687
2022-10-24T17:45:23.124199,12.0,11.687
2022-10-24T17:46:24.788121,12.0,11.687
2022-10-24T17:47:26.484176,12.0,11.687
2022-10-24T17:48:28.148189,12.0,11.625
2022-10-24T17:49:29.781236,12.0,11.625
2022-10-24T17:50:31.419730,12.0,11.625
2022-10-24T17:51:33.108193,12.0,11.625
2022-10-24T17:52:34.772203,12.0,11.562
2022-10-24T17:53:36.436242,12.0,11.562
2022-10-24T17:54:38.100226,12.0,11.562
2022-10-24T17:55:39.764179,12.0,11.562
2022-10-24T17:56:41.428222,12.0,11.562
2022-10-24T17:57:43.066306,12.0,11.562
2022-10-24T17:58:44.724126,11.937,11.562
2022-10-24T17:59:46.388185,11.937,11.562
2022-10-24T18:00:48.052286,11.937,11.5
2022-10-24T18:01:49.697359,11.937,11.5
2022-10-24T18:02:51.328181,11.875,11.5
2022-10-24T18:03:53.012233,11.875,11.5
2022-10-24T18:04:54.676164,11.937,11.5
2022-10-24T18:05:56.340210,11.875,11.5
2022-10-24T18:06:58.004146,11.875,11.562
2022-10-24T18:07:59.668218,11.875,11.562
2022-10-24T18:09:01.307495,11.875,11.562
2022-10-24T18:10:02.996213,11.875,11.562
2022-10-24T18:11:04.660203,11.875,11.437
2022-10-24T18:12:06.324232,11.812,11.437
2022-10-24T18:13:07.988181,11.812,11.437
2022-10-24T18:14:09.608097,11.812,11.437
2022-10-24T18:15:11.284233,11.812,11.437
2022-10-24T18:16:12.899112,11.812,11.437
2022-10-24T18:17:14.580207,11.75,11.375
2022-10-24T18:18:16.244241,11.812,11.437
2022-10-24T18:19:17.908177,11.75,11.437
2022-10-24T18:20:19.572191,11.75,11.437
2022-10-24T18:21:21.236297,11.75,11.5
2022-10-24T18:22:22.900234,11.75,11.437
2022-10-24T18:23:24.564165,11.687,11.437
2022-10-24T18:24:26.228214,11.687,11.437
2022-10-24T18:25:27.892169,11.687,11.375
2022-10-24T18:26:29.556178,11.687,11.375
2022-10-24T18:27:31.220201,11.687,11.375
2022-10-24T18:28:32.886299,11.687,11.375
2022-10-24T18:29:34.548158,11.625,11.312
2022-10-24T18:30:36.212185,11.687,11.375
2022-10-24T18:31:37.875343,11.687,11.375
2022-10-24T18:32:39.540239,11.687,11.312
2022-10-24T18:33:41.204203,11.625,11.375
2022-10-24T18:34:42.868202,11.625,11.375
2022-10-24T18:35:44.534047,11.625,11.375
2022-10-24T18:36:46.196182,11.562,11.375
2022-10-24T18:37:47.812071,11.562,11.312
2022-10-24T18:38:49.459495,11.562,11.312
2022-10-24T18:39:51.124239,11.562,11.312
2022-10-24T18:40:52.790051,11.5,11.375
2022-10-24T18:41:54.452175,11.562,11.312
2022-10-24T18:42:56.116329,11.562,11.312
2022-10-24T18:43:57.781995,11.562,11.312
2022-10-24T18:44:59.444440,11.562,11.312
2022-10-24T18:46:01.108149,11.5,11.312
2022-10-24T18:47:02.772215,11.5,11.25
2022-10-24T18:48:04.436155,11.5,11.25
2022-10-24T18:49:06.100183,11.437,11.25
2022-10-24T18:50:07.764144,11.437,11.25
2022-10-24T18:51:09.376090,11.437,11.187
2022-10-24T18:52:11.060248,11.437,11.187
2022-10-24T18:53:12.724224,11.437,11.187
2022-10-24T18:54:14.332140,11.437,11.125
2022-10-24T18:55:16.020074,11.437,11.187
2022-10-24T18:56:17.640139,11.375,11.187
2022-10-24T18:57:19.316214,11.375,11.187
2022-10-24T18:58:20.980264,11.437,11.125
2022-10-24T18:59:22.612136,11.437,11.125
2022-10-24T19:00:24.276117,11.437,11.125
2022-10-24T19:01:25.940277,11.437,11.125
2022-10-24T19:02:27.604262,11.375,11.125
2022-10-24T19:03:29.268103,11.375,11.125
2022-10-24T19:04:30.936236,11.375,11.125
2022-10-24T19:05:32.596178,11.375,11.062
2022-10-24T19:06:34.260202,11.375,11.062
2022-10-24T19:07:35.872100,11.375,11.062
2022-10-24T19:08:37.556342,11.375,11.062
2022-10-24T19:09:39.220207,11.375,11.062
2022-10-24T19:10:40.884282,11.375,11.062
2022-10-24T19:11:42.548213,11.375,11.062
2022-10-24T19:12:44.212233,11.375,11.062
2022-10-24T19:13:45.820072,11.375,11.062
2022-10-24T19:14:47.507905,11.375,11.062
2022-10-24T19:15:49.172154,11.375,11.062
2022-10-24T19:16:50.836271,11.375,11.062
2022-10-24T19:17:52.448105,11.375,11.062
2022-10-24T19:18:54.132183,11.375,11.062
2022-10-24T19:19:55.795924,11.375,11.062
2022-10-24T19:20:57.460157,11.375,11.062
2022-10-24T19:21:59.124167,11.375,11.062
2022-10-24T19:23:00.788172,11.375,11.062
2022-10-24T19:24:02.452060,11.375,11.062
2022-10-24T19:25:04.116843,11.375,11.062
2022-10-24T19:26:05.780272,11.375,11.062
2022-10-24T19:27:07.444174,11.375,11.062
2022-10-24T19:28:09.108182,11.437,11.062
2022-10-24T19:29:10.772331,11.375,11.062
2022-10-24T19:30:12.438130,11.437,11.062
2022-10-24T19:31:14.100142,11.375,11.062
2022-10-24T19:32:15.764148,11.375,11.062
2022-10-24T19:33:17.428215,11.375,11.062
2022-10-24T19:34:19.072126,11.375,11.0
2022-10-24T19:35:20.758348,11.375,11.062
2022-10-24T19:36:22.398281,11.375,11.0
2022-10-24T19:37:24.084226,11.375,11.062
2022-10-24T19:38:25.730829,11.375,11.062
2022-10-24T19:39:27.414308,11.312,11.0
2022-10-24T19:40:29.076209,11.312,11.0
2022-10-24T19:41:30.740215,11.375,11.0
2022-10-24T19:42:32.406358,11.375,11.0
2022-10-24T19:43:34.068215,11.312,11.0
2022-10-24T19:44:35.735963,11.375,11.0
2022-10-24T19:45:37.396263,11.312,11.0
2022-10-24T19:46:39.060220,11.312,11.0
2022-10-24T19:47:40.724218,11.312,11.0
2022-10-24T19:48:42.388184,11.312,10.937
2022-10-24T19:49:44.052195,11.312,10.937
2022-10-24T19:50:45.716106,11.312,10.937
2022-10-24T19:51:47.380320,11.312,10.937
2022-10-24T19:52:49.044143,11.312,10.937
2022-10-24T19:53:50.708215,11.312,10.937
2022-10-24T19:54:52.320191,11.312,10.937
2022-10-24T19:55:53.984122,11.312,10.937
2022-10-24T19:56:55.668141,11.312,10.937
2022-10-24T19:57:57.328103,11.312,10.937
2022-10-24T19:58:58.996259,11.25,10.937
2022-10-24T20:00:00.660233,11.25,10.937
2022-10-24T20:01:02.324241,11.25,10.875
2022-10-24T20:02:03.988159,11.25,10.875
2022-10-24T20:03:05.621965,11.25,10.875
2022-10-24T20:04:07.284187,11.25,10.812
2022-10-24T20:05:08.898470,11.187,10.875
2022-10-24T20:06:10.580228,11.187,10.812
2022-10-24T20:07:12.243884,11.125,10.812
2022-10-24T20:08:13.898589,11.125,10.812
2022-10-24T20:09:15.552179,11.125,10.75
2022-10-24T20:10:17.216084,11.187,10.75
2022-10-24T20:11:18.900224,11.187,10.812
2022-10-24T20:12:20.544104,11.25,10.812
2022-10-24T20:13:22.228188,11.187,10.812
2022-10-24T20:14:23.892158,11.187,10.812
2022-10-24T20:15:25.556169,11.187,10.812
2022-10-24T20:16:27.220159,11.125,10.75
2022-10-24T20:17:28.884247,11.187,10.812
2022-10-24T20:18:30.548209,11.187,10.812
2022-10-24T20:19:32.160123,11.187,10.812
2022-10-24T20:20:33.844160,11.187,10.812
2022-10-24T20:21:35.508152,11.25,10.812
2022-10-24T20:22:37.118976,11.25,10.812
2022-10-24T20:23:38.804258,11.312,10.812
2022-10-24T20:24:40.468273,11.25,10.875
2022-10-24T20:25:42.108075,11.25,10.875
2022-10-24T20:26:43.796054,11.25,10.875
2022-10-24T20:27:45.420072,11.25,10.812
2022-10-24T20:28:47.092155,11.25,10.812
2022-10-24T20:29:48.756220,11.312,10.875
2022-10-24T20:30:50.420205,11.312,10.875
2022-10-24T20:31:52.084207,11.312,10.875
2022-10-24T20:32:53.748106,11.312,10.875
2022-10-24T20:33:55.412130,11.375,10.937
2022-10-24T20:34:57.076241,11.375,10.937
2022-10-24T20:35:58.740257,11.375,10.937
2022-10-24T20:37:00.404208,11.375,10.937
2022-10-24T20:38:02.046784,11.312,10.937
2022-10-24T20:39:03.712156,11.312,10.937
2022-10-24T20:40:05.396112,11.375,10.937
2022-10-24T20:41:07.060288,11.375,10.875
2022-10-24T20:42:08.724174,11.312,10.937
2022-10-24T20:43:10.388262,11.375,10.937
2022-10-24T20:44:12.052173,11.375,10.937
2022-10-24T20:45:13.716151,11.437,11.0
2022-10-24T20:46:15.380127,11.375,11.0
2022-10-24T20:47:17.044242,11.375,11.0
2022-10-24T20:48:18.708265,11.375,11.0
2022-10-24T20:49:20.372222,11.437,11.0
2022-10-24T20:50:21.979781,11.437,10.937
2022-10-24T20:51:23.668171,11.437,11.0
2022-10-24T20:52:25.332203,11.437,11.0
2022-10-24T20:53:26.996233,11.437,11.0
2022-10-24T20:54:28.708282,11.5,11.0
2022-10-24T20:55:30.356835,11.5,11.062
2022-10-24T20:56:32.020218,11.437,11.0
2022-10-24T20:57:33.685805,11.5,11.062
2022-10-24T20:58:35.348163,11.5,11.062
2022-10-24T20:59:37.012188,11.562,11.062
2022-10-24T21:00:38.676156,11.562,11.062
2022-10-24T21:01:40.340173,11.5,11.062
2022-10-24T21:02:42.004138,11.5,11.062
2022-10-24T21:03:43.648073,11.562,11.062
2022-10-24T21:04:45.332177,11.562,11.125
2022-10-24T21:05:46.996206,11.562,11.187
2022-10-24T21:06:48.660236,11.625,11.187
2022-10-24T21:07:50.324108,11.625,11.125
2022-10-24T21:08:51.988153,11.562,11.125
2022-10-24T21:09:53.652169,11.562,11.062
2022-10-24T21:10:55.316240,11.625,11.125
2022-10-24T21:11:56.928281,11.625,11.187
2022-10-24T21:12:58.612190,11.562,11.187
2022-10-24T21:14:00.276172,11.562,11.187
2022-10-24T21:15:01.940172,11.562,11.125
2022-10-24T21:16:03.604182,11.5,11.062
2022-10-24T21:17:05.268224,11.5,11.125
2022-10-24T21:18:06.899320,11.5,11.062
2022-10-24T21:19:08.564273,11.5,11.062
2022-10-24T21:20:10.231859,11.5,11.125
2022-10-24T21:21:11.892248,11.5,11.0
2022-10-24T21:22:13.540845,11.5,11.0
2022-10-24T21:23:15.220279,11.5,11.062
2022-10-24T21:24:16.884239,11.437,11.0
2022-10-24T21:25:18.548177,11.437,11.0
2022-10-24T21:26:20.160077,11.437,11.0
2022-10-24T21:27:21.844170,11.437,11.0
2022-10-24T21:28:23.508166,11.437,10.937
2022-10-24T21:29:25.172243,11.437,10.937
2022-10-24T21:30:26.836193,11.437,10.937
2022-10-24T21:31:28.500158,11.437,10.937
2022-10-24T21:32:30.141602,11.437,11.0
2022-10-24T21:33:31.828275,11.375,10.937
2022-10-24T21:34:33.492290,11.437,11.0
2022-10-24T21:35:35.156159,11.375,11.0
2022-10-24T21:36:36.824238,11.375,10.937
2022-10-24T21:37:38.484108,11.437,10.937
2022-10-24T21:38:40.096262,11.375,11.0
2022-10-24T21:39:41.780126,11.375,10.937
2022-10-24T21:40:43.444136,11.375,10.937
2022-10-24T21:41:45.108226,11.375,10.937
2022-10-24T21:42:46.720093,11.375,10.937
2022-10-24T21:43:48.404184,11.312,10.875
2022-10-24T21:44:50.068232,11.375,10.875
2022-10-24T21:45:51.764162,11.312,10.875
2022-10-24T21:46:53.428200,11.312,10.875
2022-10-24T21:47:55.092209,11.312,10.875
2022-10-24T21:48:56.756235,11.25,10.812
2022-10-24T21:49:58.392103,11.25,10.812
2022-10-24T21:51:00.056706,11.25,10.812
2022-10-24T21:52:01.716234,11.25,10.75
2022-10-24T21:53:03.380237,11.25,10.75
2022-10-24T21:54:05.044263,11.187,10.75
2022-10-24T21:55:06.708232,11.187,10.75
2022-10-24T21:56:08.372266,11.187,10.75
2022-10-24T21:57:10.000799,11.187,10.687
2022-10-24T21:58:11.668162,11.187,10.687
2022-10-24T21:59:13.280153,11.125,10.687
2022-10-24T22:00:14.966453,11.125,10.687
2022-10-24T22:01:16.628204,11.125,10.687
2022-10-24T22:02:18.292169,11.125,10.687
2022-10-24T22:03:19.899037,11.125,10.687
2022-10-24T22:04:21.588152,11.125,10.687
2022-10-24T22:05:23.252158,11.125,10.687
2022-10-24T22:06:24.916130,11.125,10.625
2022-10-24T22:07:26.580061,11.125,10.625
2022-10-24T22:08:28.228070,11.125,10.687
2022-10-24T22:09:29.907901,11.125,10.625
2022-10-24T22:10:31.572193,11.125,10.625
2022-10-24T22:11:33.184094,11.125,10.687
2022-10-24T22:12:34.868107,11.125,10.687
2022-10-24T22:13:36.532197,11.125,10.687
2022-10-24T22:14:38.200099,11.125,10.687
2022-10-24T22:15:39.860222,11.125,10.687
2022-10-24T22:16:41.477601,11.125,10.75
2022-10-24T22:17:43.156229,11.187,10.75
2022-10-24T22:18:44.820213,11.187,10.687
2022-10-24T22:19:46.484234,11.187,10.75
2022-10-24T22:20:48.148304,11.187,10.687
2022-10-24T22:21:49.812211,11.125,10.75
2022-10-24T22:22:51.478083,11.125,10.687
2022-10-24T22:23:53.140166,11.125,10.75
2022-10-24T22:24:54.804229,11.125,10.75
2022-10-24T22:25:56.468192,11.125,10.75
2022-10-24T22:26:58.132208,11.062,10.687
2022-10-24T22:27:59.796198,11.062,10.687
2022-10-24T22:29:01.460151,11.062,10.625
2022-10-24T22:30:03.125594,11.062,10.625
2022-10-24T22:31:04.788065,11.062,10.687
2022-10-24T22:32:06.452145,11.062,10.625
2022-10-24T22:33:08.116151,11.062,10.625
2022-10-24T22:34:09.780154,11.062,10.625
2022-10-24T22:35:11.405967,11.125,10.687
2022-10-24T22:36:13.076082,11.062,10.625
2022-10-24T22:37:14.740214,11.062,10.625
2022-10-24T22:38:16.404209,11.062,10.625
2022-10-24T22:39:18.048173,11.0,10.562
2022-10-24T22:40:19.732189,11.0,10.625
2022-10-24T22:41:21.396103,11.062,10.625
2022-10-24T22:42:23.060291,11.0,10.562
2022-10-24T22:43:24.724209,11.0,10.562
2022-10-24T22:44:26.388211,11.0,10.625
2022-10-24T22:45:28.052169,11.0,10.562
2022-10-24T22:46:29.716111,11.0,10.562
2022-10-24T22:47:31.380225,10.937,10.562
2022-10-24T22:48:33.044128,10.937,10.5
2022-10-24T22:49:34.708236,10.875,10.5
2022-10-24T22:50:36.352187,10.937,10.5
2022-10-24T22:51:38.036199,10.937,10.5
2022-10-24T22:52:39.700193,10.875,10.5
2022-10-24T22:53:41.364167,10.875,10.437
2022-10-24T22:54:43.028173,10.875,10.437
2022-10-24T22:55:44.692193,10.875,10.437
2022-10-24T22:56:46.388150,10.812,10.437
2022-10-24T22:57:48.052168,10.812,10.437
2022-10-24T22:58:49.664100,10.812,10.437
2022-10-24T22:59:51.348208,10.812,10.375
2022-10-24T23:00:53.012218,10.812,10.375
2022-10-24T23:01:54.676116,10.812,10.375
2022-10-24T23:02:56.340188,10.812,10.375
2022-10-24T23:03:58.004207,10.812,10.437
2022-10-24T23:04:59.668203,10.75,10.437
2022-10-24T23:06:01.280095,10.75,10.375
2022-10-24T23:07:02.964351,10.75,10.375
2022-10-24T23:08:04.628158,10.812,10.375
2022-10-24T23:09:06.292154,10.812,10.437
2022-10-24T23:10:07.898503,10.812,10.375
2022-10-24T23:11:09.504072,10.812,10.375
2022-10-24T23:12:11.188256,10.812,10.437
2022-10-24T23:13:12.796030,10.812,10.375
2022-10-24T23:14:14.459496,10.812,10.437
2022-10-24T23:15:16.096185,10.812,10.437
2022-10-24T23:16:17.728109,10.812,10.375
2022-10-24T23:17:19.412184,10.812,10.437
2022-10-24T23:18:21.075683,10.812,10.437
2022-10-24T23:19:22.739934,10.812,10.437
2022-10-24T23:20:24.404202,10.812,10.437
2022-10-24T23:21:26.070121,10.812,10.5
2022-10-24T23:22:27.732182,10.812,10.5
2022-10-24T23:23:29.396241,10.812,10.5
2022-10-24T23:24:31.040132,10.875,10.5
2022-10-24T23:25:32.677210,10.812,10.5
2022-10-24T23:26:34.352140,10.812,10.5
2022-10-24T23:27:36.020219,10.812,10.5
2022-10-24T23:28:37.684123,10.812,10.5
2022-10-24T23:29:39.348054,10.812,10.5
2022-10-24T23:30:41.012115,10.875,10.562
2022-10-24T23:31:42.676275,10.812,10.5
2022-10-24T23:32:44.340321,10.812,10.5
2022-10-24T23:33:46.004209,10.812,10.5
2022-10-24T23:34:47.668288,10.812,10.437
2022-10-24T23:35:49.332225,10.812,10.5
2022-10-24T23:36:50.996173,10.812,10.437
2022-10-24T23:37:52.609207,10.812,10.5
2022-10-24T23:38:54.292315,10.812,10.5
2022-10-24T23:39:55.904148,10.812,10.5
2022-10-24T23:40:57.552070,10.875,10.5
2022-10-24T23:41:59.220166,10.812,10.5
2022-10-24T23:43:00.884242,10.812,10.5
2022-10-24T23:44:02.548139,10.875,10.625
2022-10-24T23:45:04.161501,10.875,10.5
2022-10-24T23:46:05.844117,10.812,10.5
2022-10-24T23:47:07.508160,10.875,10.562
2022-10-24T23:48:09.120071,10.812,10.5
2022-10-24T23:49:10.804311,10.812,10.5
2022-10-24T23:50:12.468197,10.812,10.562
2022-10-24T23:51:14.132206,10.812,10.5
2022-10-24T23:52:15.796264,10.812,10.5
2022-10-24T23:53:17.460259,10.812,10.5
2022-10-24T23:54:19.124215,10.812,10.5
2022-10-24T23:55:20.788153,10.812,10.437
2022-10-24T23:56:22.452217,10.75,10.5
2022-10-24T23:57:24.063511,10.75,10.437
2022-10-24T23:58:25.748237,10.75,10.437
2022-10-24T23:59:27.412104,10.75,10.437
