2023-10-20T00:00:09.734572,14.0,15.562
2023-10-20T00:01:11.398156,13.937,15.562
2023-10-20T00:02:13.048472,14.0,15.5
2023-10-20T00:03:14.726762,13.937,15.5
2023-10-20T00:04:16.370638,14.0,15.562
2023-10-20T00:05:17.998631,13.937,15.562
2023-10-20T00:06:19.686638,14.0,15.5
2023-10-20T00:07:21.350590,14.0,15.562
2023-10-20T00:08:23.026655,14.062,15.5
2023-10-20T00:09:24.710738,14.0,15.5
2023-10-20T00:10:26.374653,14.062,15.5
2023-10-20T00:11:28.022664,14.062,15.5
2023-10-20T00:12:29.706793,14.0,15.562
2023-10-20T00:13:31.366400,14.0,15.562
2023-10-20T00:14:33.030607,14.0,15.5
2023-10-20T00:15:34.694618,13.937,15.5
2023-10-20T00:16:36.361168,14.0,15.5
2023-10-20T00:17:38.026798,14.062,15.562
2023-10-20T00:18:39.686646,14.0,15.5
2023-10-20T00:19:41.350605,13.937,15.562
2023-10-20T00:20:42.994667,14.125,15.562
2023-10-20T00:21:44.678590,14.0,15.562
2023-10-20T00:22:46.342648,14.0,15.562
2023-10-20T00:23:48.010788,14.0,15.562
2023-10-20T00:24:49.670706,14.125,15.562
2023-10-20T00:25:51.334613,14.062,15.562
2023-10-20T00:26:52.945869,14.125,15.562
2023-10-20T00:27:54.610697,14.0,15.562
2023-10-20T00:28:56.294529,13.937,15.5
2023-10-20T00:29:57.945854,13.937,15.562
2023-10-20T00:30:59.614666,13.937,15.5
2023-10-20T00:32:01.287294,13.937,15.562
2023-10-20T00:33:02.950580,14.062,15.562
2023-10-20T00:34:04.614726,14.062,15.5
2023-10-20T00:35:06.226663,14.0,15.5
2023-10-20T00:36:07.910486,14.062,15.5
2023-10-20T00:37:09.574596,14.062,15.5
2023-10-20T00:38:11.238528,13.937,15.437
2023-10-20T00:39:12.902584,13.937,15.375
2023-10-20T00:40:14.566616,14.0,15.375
2023-10-20T00:41:16.230759,13.937,15.375
2023-10-20T00:42:17.855384,14.0,15.312
2023-10-20T00:43:19.526612,14.0,15.312
2023-10-20T00:44:21.190607,14.0,15.312
2023-10-20T00:45:22.854492,13.937,15.375
2023-10-20T00:46:24.518624,14.0,15.375
2023-10-20T00:47:26.182581,14.0,15.312
2023-10-20T00:48:27.846501,14.062,15.375
2023-10-20T00:49:29.510611,14.0,15.375
2023-10-20T00:50:31.174585,14.125,15.375
2023-10-20T00:51:32.838463,14.062,15.437
2023-10-20T00:52:34.450674,14.062,15.375
2023-10-20T00:53:36.134647,14.062,15.437
2023-10-20T00:54:37.799239,14.125,15.437
2023-10-20T00:55:39.410629,14.062,15.437
2023-10-20T00:56:41.094529,14.062,15.5
2023-10-20T00:57:42.758593,14.125,15.437
2023-10-20T00:58:44.422604,14.125,15.437
2023-10-20T00:59:46.070673,14.125,15.437
2023-10-20T01:00:47.750347,14.125,15.5
2023-10-20T01:01:49.414614,14.125,15.5
2023-10-20T01:02:51.078680,14.187,15.5
2023-10-20T01:03:52.690631,14.062,15.5
2023-10-20T01:04:54.336516,14.0,15.5
2023-10-20T01:05:56.006679,14.0,15.5
2023-10-20T01:06:57.650640,14.062,15.5
2023-10-20T01:07:59.334534,14.125,15.5
2023-10-20T01:09:00.946117,14.187,15.5
2023-10-20T01:10:02.630705,14.187,15.5
2023-10-20T01:11:04.294611,14.187,15.5
2023-10-20T01:12:05.954632,14.125,15.562
2023-10-20T01:13:07.622638,14.187,15.5
2023-10-20T01:14:09.286619,14.062,15.562
2023-10-20T01:15:10.945835,14.125,15.562
2023-10-20T01:16:12.614612,14.187,15.562
2023-10-20T01:17:14.278615,14.187,15.562
2023-10-20T01:18:15.922659,14.125,15.562
2023-10-20T01:19:17.606612,14.125,15.562
2023-10-20T01:20:19.270593,14.062,15.5
2023-10-20T01:21:20.934737,14.125,15.562
2023-10-20T01:22:22.598617,14.125,15.562
2023-10-20T01:23:24.241814,14.25,15.5
2023-10-20T01:24:25.926624,14.25,15.5
2023-10-20T01:25:27.538695,14.187,15.437
2023-10-20T01:26:29.222683,14.125,15.437
2023-10-20T01:27:30.886607,14.187,15.437
2023-10-20T01:28:32.534628,14.125,15.437
2023-10-20T01:29:34.216731,14.187,15.375
2023-10-20T01:30:35.878611,14.125,15.375
2023-10-20T01:31:37.545263,14.125,15.375
2023-10-20T01:32:39.154653,14.125,15.375
2023-10-20T01:33:40.829134,14.062,15.375
2023-10-20T01:34:42.502757,14.187,15.375
2023-10-20T01:35:44.166626,14.25,15.437
2023-10-20T01:36:45.830501,14.187,15.375
2023-10-20T01:37:47.494681,14.125,15.437
2023-10-20T01:38:49.146693,14.062,15.437
2023-10-20T01:39:50.822521,14.062,15.437
2023-10-20T01:40:52.458632,14.125,15.437
2023-10-20T01:41:54.120703,14.125,15.437
2023-10-20T01:42:55.782597,14.125,15.437
2023-10-20T01:43:57.426130,14.125,15.437
2023-10-20T01:44:59.110675,14.125,15.437
2023-10-20T01:46:00.774647,14.125,15.437
2023-10-20T01:47:02.441395,14.062,15.437
2023-10-20T01:48:04.106784,14.062,15.437
2023-10-20T01:49:05.766457,14.062,15.437
2023-10-20T01:50:07.417665,14.0,15.437
2023-10-20T01:51:09.094590,14.125,15.375
2023-10-20T01:52:10.758612,14.062,15.375
2023-10-20T01:53:12.422600,14.0,15.312
2023-10-20T01:54:14.086613,14.062,15.312
2023-10-20T01:55:15.750648,14.0,15.312
2023-10-20T01:56:17.394642,14.0,15.312
2023-10-20T01:57:19.078633,13.875,15.25
2023-10-20T01:58:20.742617,13.937,15.312
2023-10-20T01:59:22.386658,13.937,15.312
2023-10-20T02:00:24.070607,14.062,15.312
2023-10-20T02:01:25.734738,14.062,15.312
2023-10-20T02:02:27.398527,14.062,15.312
2023-10-20T02:03:29.010675,14.0,15.375
2023-10-20T02:04:30.694591,13.937,15.375
2023-10-20T02:05:32.358610,13.937,15.375
2023-10-20T02:06:34.022608,13.875,15.375
2023-10-20T02:07:35.686728,13.937,15.375
2023-10-20T02:08:37.350729,13.937,15.375
2023-10-20T02:09:39.014628,13.937,15.375
2023-10-20T02:10:40.678676,14.0,15.375
2023-10-20T02:11:42.342648,14.062,15.437
2023-10-20T02:12:44.010514,14.062,15.437
2023-10-20T02:13:45.670530,13.937,15.375
2023-10-20T02:14:47.334622,14.0,15.437
2023-10-20T02:15:48.954659,14.0,15.375
2023-10-20T02:16:50.610702,14.062,15.375
2023-10-20T02:17:52.294587,14.125,15.437
2023-10-20T02:18:53.958602,14.187,15.437
2023-10-20T02:19:55.578693,14.125,15.375
2023-10-20T02:20:57.302435,14.25,15.437
2023-10-20T02:21:58.982524,14.187,15.437
2023-10-20T02:23:00.594705,14.187,15.5
2023-10-20T02:24:02.278585,14.187,15.437
2023-10-20T02:25:03.945837,14.25,15.437
2023-10-20T02:26:05.606610,14.187,15.437
2023-10-20T02:27:07.250679,14.125,15.437
2023-10-20T02:28:08.934581,14.062,15.437
2023-10-20T02:29:10.598644,14.062,15.437
2023-10-20T02:30:12.262673,14.062,15.375
2023-10-20T02:31:13.926596,14.125,15.375
2023-10-20T02:32:15.590645,14.125,15.375
2023-10-20T02:33:17.254646,14.125,15.375
2023-10-20T02:34:18.918497,14.125,15.312
2023-10-20T02:35:20.582670,14.125,15.25
2023-10-20T02:36:22.246423,14.125,15.312
2023-10-20T02:37:23.910366,14.125,15.312
2023-10-20T02:38:25.574628,14.187,15.312
2023-10-20T02:39:27.238613,14.125,15.312
2023-10-20T02:40:28.902788,14.062,15.312
2023-10-20T02:41:30.566788,14.062,15.312
2023-10-20T02:42:32.230527,14.125,15.312
2023-10-20T02:43:33.837817,14.062,15.375
2023-10-20T02:44:35.526667,14.062,15.312
2023-10-20T02:45:37.190516,14.062,15.312
2023-10-20T02:46:38.854504,14.062,15.375
2023-10-20T02:47:40.518601,14.0,15.312
2023-10-20T02:48:42.182610,14.0,15.312
2023-10-20T02:49:43.846613,14.125,15.312
2023-10-20T02:50:45.510533,14.125,15.312
2023-10-20T02:51:47.174620,14.125,15.375
2023-10-20T02:52:48.838644,14.125,15.375
2023-10-20T02:53:50.502623,14.125,15.375
2023-10-20T02:54:52.166612,14.125,15.375
2023-10-20T02:55:53.830531,14.125,15.437
2023-10-20T02:56:55.494594,14.187,15.375
2023-10-20T02:57:57.158622,14.125,15.437
2023-10-20T02:58:58.822677,14.187,15.437
2023-10-20T03:00:00.486649,14.187,15.437
2023-10-20T03:01:02.150604,14.187,15.437
2023-10-20T03:02:03.814861,14.312,15.437
2023-10-20T03:03:05.478643,14.25,15.375
2023-10-20T03:04:07.142632,14.312,15.375
2023-10-20T03:05:08.806587,14.25,15.375
2023-10-20T03:06:10.470588,14.187,15.375
2023-10-20T03:07:12.134687,14.187,15.375
2023-10-20T03:08:13.798618,14.25,15.312
2023-10-20T03:09:15.462633,14.25,15.375
2023-10-20T03:10:17.106671,14.312,15.375
2023-10-20T03:11:18.790620,14.25,15.375
2023-10-20T03:12:20.454618,14.312,15.375
2023-10-20T03:13:22.118524,14.375,15.437
2023-10-20T03:14:23.782610,14.375,15.437
2023-10-20T03:15:25.446723,14.375,15.437
2023-10-20T03:16:27.110687,14.375,15.437
2023-10-20T03:17:28.774596,14.375,15.437
2023-10-20T03:18:30.427900,14.312,15.5
2023-10-20T03:19:32.102665,14.187,15.437
2023-10-20T03:20:33.766636,14.125,15.437
2023-10-20T03:21:35.406789,14.125,15.437
2023-10-20T03:22:37.082781,14.125,15.437
2023-10-20T03:23:38.758601,14.062,15.5
2023-10-20T03:24:40.422360,14.062,15.5
2023-10-20T03:25:42.086596,14.125,15.5
2023-10-20T03:26:43.750699,14.187,15.5
2023-10-20T03:27:45.414614,14.125,15.5
2023-10-20T03:28:47.078644,14.187,15.5
2023-10-20T03:29:48.742819,14.187,15.5
2023-10-20T03:30:50.354650,14.125,15.5
2023-10-20T03:31:52.038584,14.187,15.5
2023-10-20T03:32:53.670685,14.25,15.5
2023-10-20T03:33:55.334625,14.187,15.437
2023-10-20T03:34:56.945516,14.187,15.437
2023-10-20T03:35:58.578672,14.125,15.5
2023-10-20T03:37:00.262527,14.125,15.437
2023-10-20T03:38:01.871849,14.125,15.375
2023-10-20T03:39:03.558604,14.125,15.375
2023-10-20T03:40:05.179476,14.125,15.375
2023-10-20T03:41:06.802683,14.125,15.375
2023-10-20T03:42:08.486620,14.062,15.375
2023-10-20T03:43:10.150525,14.062,15.375
2023-10-20T03:44:11.794655,14.062,15.375
2023-10-20T03:45:13.478644,14.125,15.375
2023-10-20T03:46:15.142611,14.062,15.375
2023-10-20T03:47:16.806631,14.125,15.375
2023-10-20T03:48:18.470502,14.062,15.375
2023-10-20T03:49:20.134627,14.125,15.375
2023-10-20T03:50:21.798661,14.187,15.437
2023-10-20T03:51:23.462615,14.187,15.375
2023-10-20T03:52:25.126676,14.187,15.437
2023-10-20T03:53:26.790702,14.187,15.437
2023-10-20T03:54:28.454617,14.187,15.5
2023-10-20T03:55:30.118527,14.125,15.437
2023-10-20T03:56:31.782705,14.187,15.437
2023-10-20T03:57:33.426675,14.25,15.5
2023-10-20T03:58:35.110718,14.312,15.437
2023-10-20T03:59:36.774613,14.312,15.437
2023-10-20T04:00:38.438501,14.25,15.5
2023-10-20T04:01:40.102804,14.187,15.5
2023-10-20T04:02:41.766709,14.187,15.5
2023-10-20T04:03:43.430525,14.187,15.5
2023-10-20T04:04:45.094587,14.187,15.5
2023-10-20T04:05:46.758713,14.187,15.5
2023-10-20T04:06:48.422767,14.125,15.5
2023-10-20T04:07:50.034663,14.187,15.5
2023-10-20T04:08:51.674806,14.25,15.5
2023-10-20T04:09:53.350585,14.187,15.5
2023-10-20T04:10:54.995331,14.187,15.437
2023-10-20T04:11:56.678622,14.312,15.437
2023-10-20T04:12:58.342599,14.187,15.437
2023-10-20T04:14:00.006757,14.187,15.437
2023-10-20T04:15:01.670580,14.25,15.437
2023-10-20T04:16:03.334710,14.187,15.437
2023-10-20T04:17:04.998843,14.187,15.375
2023-10-20T04:18:06.662785,14.312,15.437
2023-10-20T04:19:08.326607,14.312,15.375
2023-10-20T04:20:09.990486,14.375,15.437
2023-10-20T04:21:11.654533,14.312,15.437
2023-10-20T04:22:13.318597,14.312,15.437
2023-10-20T04:23:14.982629,14.312,15.437
2023-10-20T04:24:16.646589,14.312,15.437
2023-10-20T04:25:18.312453,14.375,15.5
2023-10-20T04:26:19.976422,14.375,15.5
2023-10-20T04:27:21.638641,14.312,15.5
2023-10-20T04:28:23.302582,14.25,15.5
2023-10-20T04:29:24.966612,14.312,15.562
2023-10-20T04:30:26.630688,14.375,15.5
2023-10-20T04:31:28.294706,14.437,15.562
2023-10-20T04:32:29.908682,14.5,15.562
2023-10-20T04:33:31.590665,14.5,15.625
2023-10-20T04:34:33.254638,14.437,15.625
2023-10-20T04:35:34.918596,14.5,15.562
2023-10-20T04:36:36.582629,14.5,15.562
2023-10-20T04:37:38.246602,14.5,15.562
2023-10-20T04:38:39.910512,14.5,15.625
2023-10-20T04:39:41.574615,14.437,15.562
2023-10-20T04:40:43.238519,14.437,15.625
2023-10-20T04:41:44.902800,14.375,15.625
2023-10-20T04:42:46.514668,14.375,15.625
2023-10-20T04:43:48.198600,14.312,15.625
2023-10-20T04:44:49.822436,14.375,15.625
2023-10-20T04:45:51.494599,14.375,15.625
2023-10-20T04:46:53.158589,14.312,15.562
2023-10-20T04:47:54.822601,14.375,15.625
2023-10-20T04:48:56.486624,14.375,15.562
2023-10-20T04:49:58.130676,14.312,15.562
2023-10-20T04:50:59.814619,14.312,15.5
2023-10-20T04:52:01.478593,14.312,15.5
2023-10-20T04:53:03.130665,14.375,15.5
2023-10-20T04:54:04.806616,14.375,15.5
2023-10-20T04:55:06.445222,14.437,15.5
2023-10-20T04:56:08.102644,14.437,15.5
2023-10-20T04:57:09.766649,14.437,15.562
2023-10-20T04:58:11.430530,14.437,15.5
2023-10-20T04:59:13.094362,14.5,15.5
2023-10-20T05:00:14.758662,14.5,15.562
2023-10-20T05:01:16.422668,14.437,15.562
2023-10-20T05:02:18.121650,14.437,15.562
2023-10-20T05:03:19.786767,14.5,15.562
2023-10-20T05:04:21.446509,14.5,15.625
2023-10-20T05:05:23.110638,14.437,15.625
2023-10-20T05:06:24.777348,14.437,15.625
2023-10-20T05:07:26.442793,14.437,15.625
2023-10-20T05:08:28.102617,14.5,15.625
2023-10-20T05:09:29.746651,14.437,15.625
2023-10-20T05:10:31.430602,14.5,15.625
2023-10-20T05:11:33.094595,14.5,15.625
2023-10-20T05:12:34.742664,14.5,15.625
2023-10-20T05:13:36.370646,14.5,15.687
2023-10-20T05:14:38.029401,14.562,15.687
2023-10-20T05:15:39.646664,14.625,15.687
2023-10-20T05:16:41.318618,14.5,15.687
2023-10-20T05:17:42.982664,14.5,15.687
2023-10-20T05:18:44.594665,14.5,15.687
2023-10-20T05:19:46.278587,14.437,15.687
2023-10-20T05:20:47.942619,14.437,15.687
2023-10-20T05:21:49.562626,14.437,15.75
2023-10-20T05:22:51.238616,14.437,15.75
2023-10-20T05:23:52.902530,14.437,15.687
2023-10-20T05:24:54.566614,14.437,15.687
2023-10-20T05:25:56.210668,14.5,15.75
2023-10-20T05:26:57.894481,14.437,15.75
2023-10-20T05:27:59.558618,14.5,15.687
2023-10-20T05:29:01.202674,14.437,15.687
2023-10-20T05:30:02.886530,14.312,15.687
2023-10-20T05:31:04.550696,14.25,15.687
2023-10-20T05:32:06.215276,14.25,15.625
2023-10-20T05:33:07.878595,14.25,15.687
2023-10-20T05:34:09.542629,14.187,15.687
2023-10-20T05:35:11.206654,14.187,15.687
2023-10-20T05:36:12.870617,14.312,15.687
2023-10-20T05:37:14.534649,14.25,15.687
2023-10-20T05:38:16.202775,14.312,15.687
2023-10-20T05:39:17.862608,14.25,15.625
2023-10-20T05:40:19.526524,14.187,15.625
2023-10-20T05:41:21.149519,14.25,15.625
2023-10-20T05:42:22.822639,14.25,15.687
2023-10-20T05:43:24.434667,14.187,15.625
2023-10-20T05:44:26.118600,14.25,15.687
2023-10-20T05:45:27.782625,14.187,15.625
2023-10-20T05:46:29.462527,14.187,15.625
2023-10-20T05:47:31.142653,14.187,15.625
2023-10-20T05:48:32.806722,14.187,15.625
2023-10-20T05:49:34.450636,14.125,15.625
2023-10-20T05:50:36.134625,14.125,15.625
2023-10-20T05:51:37.798593,14.125,15.625
2023-10-20T05:52:39.410632,14.062,15.562
2023-10-20T05:53:41.074640,14.062,15.562
2023-10-20T05:54:42.758596,14.062,15.562
2023-10-20T05:55:44.370786,14.062,15.625
2023-10-20T05:56:46.054521,14.125,15.625
2023-10-20T05:57:47.718670,14.062,15.625
2023-10-20T05:58:49.382605,14.187,15.625
2023-10-20T05:59:51.046606,14.062,15.625
2023-10-20T06:00:52.710604,14.125,15.625
2023-10-20T06:01:54.374745,14.125,15.562
2023-10-20T06:02:56.038645,14.125,15.625
2023-10-20T06:03:57.703252,14.125,15.625
2023-10-20T06:04:59.366605,14.125,15.625
2023-10-20T06:06:01.030612,14.187,15.625
2023-10-20T06:07:02.674674,14.187,15.625
2023-10-20T06:08:04.358796,14.187,15.625
2023-10-20T06:09:06.022621,14.187,15.625
2023-10-20T06:10:07.686646,14.187,15.687
2023-10-20T06:11:09.298678,14.187,15.625
2023-10-20T06:12:10.945837,14.187,15.687
2023-10-20T06:13:12.614661,14.187,15.625
2023-10-20T06:14:14.278604,14.187,15.687
2023-10-20T06:15:15.942592,14.187,15.625
2023-10-20T06:16:17.602664,14.187,15.625
2023-10-20T06:17:19.270719,14.187,15.625
2023-10-20T06:18:20.914683,14.125,15.625
2023-10-20T06:19:22.598614,14.187,15.625
2023-10-20T06:20:24.262784,14.187,15.625
2023-10-20T06:21:25.927311,14.187,15.625
2023-10-20T06:22:27.590512,14.187,15.625
2023-10-20T06:23:29.258271,14.125,15.625
2023-10-20T06:24:30.918613,14.187,15.687
2023-10-20T06:25:32.582595,14.125,15.625
2023-10-20T06:26:34.246707,14.125,15.625
2023-10-20T06:27:35.910534,14.125,15.625
2023-10-20T06:28:37.522837,14.125,15.625
2023-10-20T06:29:39.206606,14.125,15.625
2023-10-20T06:30:40.870511,14.125,15.687
2023-10-20T06:31:42.536458,14.125,15.625
2023-10-20T06:32:44.198589,14.062,15.625
2023-10-20T06:33:45.862503,14.062,15.625
2023-10-20T06:34:47.526425,14.125,15.625
2023-10-20T06:35:49.190616,14.062,15.625
2023-10-20T06:36:50.854583,14.0,15.625
2023-10-20T06:37:52.518509,14.062,15.625
2023-10-20T06:38:54.142698,14.0,15.562
2023-10-20T06:39:55.814504,14.0,15.562
2023-10-20T06:40:57.478715,13.937,15.5
2023-10-20T06:41:59.142622,13.937,15.562
2023-10-20T06:43:00.806693,14.0,15.5
2023-10-20T06:44:02.470613,14.0,15.5
2023-10-20T06:45:04.134694,13.937,15.5
2023-10-20T06:46:05.797087,13.937,15.5
2023-10-20T06:47:07.462830,13.937,15.5
2023-10-20T06:48:09.126650,13.937,15.5
2023-10-20T06:49:10.770665,13.937,15.5
2023-10-20T06:50:12.454650,13.937,15.437
2023-10-20T06:51:14.118605,14.0,15.5
2023-10-20T06:52:15.782708,14.0,15.5
2023-10-20T06:53:17.446646,14.0,15.5
2023-10-20T06:54:19.110609,14.062,15.562
2023-10-20T06:55:20.774586,13.937,15.562
2023-10-20T06:56:22.386682,14.0,15.562
2023-10-20T06:57:24.046693,13.875,15.562
2023-10-20T06:58:25.734594,13.937,15.562
2023-10-20T06:59:27.398717,13.937,15.625
2023-10-20T07:00:29.062651,13.937,15.625
2023-10-20T07:01:30.726690,13.875,15.562
2023-10-20T07:02:32.390605,13.937,15.625
2023-10-20T07:03:34.002681,13.937,15.625
2023-10-20T07:04:35.686663,13.875,15.625
2023-10-20T07:05:37.350605,13.812,15.625
2023-10-20T07:06:39.014728,13.75,15.562
2023-10-20T07:07:40.678615,13.812,15.625
2023-10-20T07:08:42.344421,13.812,15.625
2023-10-20T07:09:44.002683,13.812,15.625
2023-10-20T07:10:45.628261,13.812,15.625
2023-10-20T07:11:47.302603,13.812,15.687
2023-10-20T07:12:48.966589,13.812,15.687
2023-10-20T07:13:50.630518,13.812,15.687
2023-10-20T07:14:52.294616,13.812,15.625
2023-10-20T07:15:53.945833,13.875,15.687
2023-10-20T07:16:55.622585,13.875,15.687
2023-10-20T07:17:57.286612,13.937,15.687
2023-10-20T07:18:58.945678,13.937,15.75
2023-10-20T07:20:00.614613,13.937,15.75
2023-10-20T07:21:02.230650,13.875,15.75
2023-10-20T07:22:03.910324,13.875,15.75
2023-10-20T07:23:05.574531,13.875,15.75
2023-10-20T07:24:07.238694,13.937,15.75
2023-10-20T07:25:08.902622,13.875,15.75
2023-10-20T07:26:10.566611,13.875,15.812
2023-10-20T07:27:12.230599,13.937,15.812
2023-10-20T07:28:13.894612,13.937,15.812
2023-10-20T07:29:15.558611,13.937,15.812
2023-10-20T07:30:17.222604,13.875,15.812
2023-10-20T07:31:18.886611,13.875,15.812
2023-10-20T07:32:20.550532,13.812,15.875
2023-10-20T07:33:22.158698,13.937,15.875
2023-10-20T07:34:23.846764,14.0,15.875
2023-10-20T07:35:25.462630,14.0,15.875
2023-10-20T07:36:27.142681,14.0,15.875
2023-10-20T07:37:28.806693,14.125,15.875
2023-10-20T07:38:30.470590,14.062,15.875
2023-10-20T07:39:32.134508,14.125,15.937
2023-10-20T07:40:33.798711,14.125,15.937
2023-10-20T07:41:35.462847,14.125,15.937
2023-10-20T07:42:37.126643,14.062,15.937
2023-10-20T07:43:38.792857,14.062,15.937
2023-10-20T07:44:40.454643,14.062,15.937
2023-10-20T07:45:42.119275,14.062,15.937
2023-10-20T07:46:43.782592,14.062,15.875
2023-10-20T07:47:45.446624,14.062,15.937
2023-10-20T07:48:47.110714,14.125,15.937
2023-10-20T07:49:48.774600,14.187,15.937
2023-10-20T07:50:50.418632,14.125,15.937
2023-10-20T07:51:52.050697,14.062,15.937
2023-10-20T07:52:53.734621,14.062,15.937
2023-10-20T07:53:55.398630,14.125,15.937
2023-10-20T07:54:57.062617,14.187,16.0
2023-10-20T07:55:58.706633,14.187,16.0
2023-10-20T07:57:00.390613,14.187,16.062
2023-10-20T07:58:02.054502,14.187,16.062
2023-10-20T07:59:03.702633,14.25,16.062
2023-10-20T08:00:05.326607,14.312,16.125
2023-10-20T08:01:07.014183,14.25,16.125
2023-10-20T08:02:08.678778,14.312,16.125
2023-10-20T08:03:10.342782,14.312,16.187
2023-10-20T08:04:12.006777,14.312,16.187
2023-10-20T08:05:13.670522,14.25,16.187
2023-10-20T08:06:15.334606,14.25,16.187
2023-10-20T08:07:16.998629,14.125,16.187
2023-10-20T08:08:18.662523,14.187,16.125
2023-10-20T08:09:20.342380,14.125,16.125
2023-10-20T08:10:22.022370,14.125,16.125
2023-10-20T08:11:23.686391,14.187,16.125
2023-10-20T08:12:25.330673,14.125,16.187
2023-10-20T08:13:27.014735,14.187,16.187
2023-10-20T08:14:28.678645,14.125,16.187
2023-10-20T08:15:30.343417,14.187,16.25
2023-10-20T08:16:32.006488,14.25,16.25
2023-10-20T08:17:33.670586,14.25,16.25
2023-10-20T08:18:35.334750,14.25,16.25
2023-10-20T08:19:36.945469,14.25,16.312
2023-10-20T08:20:38.630583,14.25,16.25
2023-10-20T08:21:40.294597,14.25,16.312
2023-10-20T08:22:41.946063,14.187,16.312
2023-10-20T08:23:43.622768,14.25,16.312
2023-10-20T08:24:45.286584,14.25,16.312
2023-10-20T08:25:46.945830,14.25,16.375
2023-10-20T08:26:48.614525,14.312,16.312
2023-10-20T08:27:50.278509,14.187,16.312
2023-10-20T08:28:51.942517,14.187,16.312
2023-10-20T08:29:53.606618,14.25,16.312
2023-10-20T08:30:55.254653,14.25,16.25
2023-10-20T08:31:56.903499,14.25,16.312
2023-10-20T08:32:58.556787,14.187,16.25
2023-10-20T08:34:00.202698,14.187,16.187
2023-10-20T08:35:01.863292,14.187,16.187
2023-10-20T08:36:03.526615,14.187,16.125
2023-10-20T08:37:05.194766,14.187,16.125
2023-10-20T08:38:06.854581,14.125,16.125
2023-10-20T08:39:08.483860,14.187,16.125
2023-10-20T08:40:10.150583,14.187,16.125
2023-10-20T08:41:11.814584,14.25,16.187
2023-10-20T08:42:13.478623,14.25,16.187
2023-10-20T08:43:15.142689,14.375,16.25
2023-10-20T08:44:16.786674,14.312,16.312
2023-10-20T08:45:18.470619,14.437,16.375
2023-10-20T08:46:20.134594,14.437,16.437
2023-10-20T08:47:21.798735,14.312,16.437
2023-10-20T08:48:23.462615,14.375,16.437
2023-10-20T08:49:25.126600,14.375,16.437
2023-10-20T08:50:26.790665,14.375,16.5
2023-10-20T08:51:28.406646,14.312,16.5
2023-10-20T08:52:30.086588,14.25,16.437
2023-10-20T08:53:31.750612,14.25,16.5
2023-10-20T08:54:33.414612,14.25,16.437
2023-10-20T08:55:35.078665,14.25,16.437
2023-10-20T08:56:36.742597,14.187,16.437
2023-10-20T08:57:38.361453,14.25,16.375
2023-10-20T08:58:40.018678,14.187,16.25
2023-10-20T08:59:41.696443,14.187,16.187
2023-10-20T09:00:43.398616,14.187,16.187
2023-10-20T09:01:45.064659,14.187,16.062
2023-10-20T09:02:46.726768,14.125,16.062
2023-10-20T09:03:48.354614,13.937,16.0
2023-10-20T09:04:50.022490,13.875,15.937
2023-10-20T09:05:51.638607,13.875,15.937
2023-10-20T09:06:53.317987,14.0,15.937
2023-10-20T09:07:54.946404,13.812,15.875
2023-10-20T09:08:56.614517,13.75,15.937
2023-10-20T09:09:58.278526,13.812,15.937
2023-10-20T09:10:59.942609,13.687,16.0
2023-10-20T09:12:01.606641,13.812,16.062
2023-10-20T09:13:03.270619,13.937,16.125
2023-10-20T09:14:04.934651,14.0,16.187
2023-10-20T09:15:06.598605,13.875,16.187
2023-10-20T09:16:08.262647,13.937,16.187
2023-10-20T09:17:09.926630,13.875,16.25
2023-10-20T09:18:11.590524,13.875,16.25
2023-10-20T09:19:13.254636,13.687,16.187
2023-10-20T09:20:14.866647,13.687,16.125
2023-10-20T09:21:16.550594,13.5,16.125
2023-10-20T09:22:18.162665,13.562,16.125
2023-10-20T09:23:19.850817,13.562,16.062
2023-10-20T09:24:21.510626,13.5,16.0
2023-10-20T09:25:23.174522,13.625,16.062
2023-10-20T09:26:24.838629,13.562,16.062
2023-10-20T09:27:26.502592,13.562,16.062
2023-10-20T09:28:28.166608,13.687,16.062
2023-10-20T09:29:29.830489,13.625,16.062
2023-10-20T09:30:31.494624,13.75,16.062
2023-10-20T09:31:33.138713,13.75,16.062
2023-10-20T09:32:34.802700,13.812,16.0
2023-10-20T09:33:36.486614,13.687,16.0
2023-10-20T09:34:38.102663,13.437,15.875
2023-10-20T09:35:39.782616,13.437,15.875
2023-10-20T09:36:41.446582,13.375,15.75
2023-10-20T09:37:43.114411,13.437,15.75
2023-10-20T09:38:44.778793,13.25,15.687
2023-10-20T09:39:46.438751,13.25,15.625
2023-10-20T09:40:48.102731,13.375,15.625
2023-10-20T09:41:49.714674,13.25,15.562
2023-10-20T09:42:51.399353,13.187,15.562
2023-10-20T09:43:53.062727,13.125,15.562
2023-10-20T09:44:54.742623,13.187,15.562
2023-10-20T09:45:56.422723,13.25,15.562
2023-10-20T09:46:58.086604,13.375,15.562
2023-10-20T09:47:59.750623,13.375,15.625
2023-10-20T09:49:01.414614,13.375,15.625
2023-10-20T09:50:03.078604,13.437,15.687
2023-10-20T09:51:04.722646,13.375,15.75
2023-10-20T09:52:06.406587,13.312,15.75
2023-10-20T09:53:08.071305,13.375,15.875
2023-10-20T09:54:09.734627,13.375,15.875
2023-10-20T09:55:11.398719,13.437,15.937
2023-10-20T09:56:13.062533,13.437,16.0
2023-10-20T09:57:14.726628,13.5,16.062
2023-10-20T09:58:16.390605,13.625,16.062
2023-10-20T09:59:18.054753,13.5,16.062
2023-10-20T10:00:19.718614,13.5,16.062
2023-10-20T10:01:21.330634,13.437,16.0
2023-10-20T10:02:23.014708,13.5,16.0
2023-10-20T10:03:24.678610,13.5,16.0
2023-10-20T10:04:26.314636,13.5,16.0
2023-10-20T10:05:27.963107,13.437,16.0
2023-10-20T10:06:29.638584,13.437,16.0
2023-10-20T10:07:31.302660,13.437,16.0
2023-10-20T10:08:32.945832,13.375,15.937
2023-10-20T10:09:34.630617,13.375,15.875
2023-10-20T10:10:36.274632,13.437,15.812
2023-10-20T10:11:37.945831,13.375,15.812
2023-10-20T10:12:39.574629,13.312,15.687
2023-10-20T10:13:41.238669,13.312,15.687
2023-10-20T10:14:42.918602,13.312,15.625
2023-10-20T10:15:44.582612,13.312,15.625
2023-10-20T10:16:46.246613,13.312,15.562
2023-10-20T10:17:47.910700,13.312,15.562
2023-10-20T10:18:49.568149,13.437,15.562
2023-10-20T10:19:51.208983,13.375,15.562
2023-10-20T10:20:52.870599,13.312,15.562
2023-10-20T10:21:54.534630,13.25,15.562
2023-10-20T10:22:56.198621,13.25,15.5
2023-10-20T10:23:57.862695,13.25,15.562
2023-10-20T10:24:59.526608,13.25,15.562
2023-10-20T10:26:01.190591,13.312,15.562
2023-10-20T10:27:02.802687,13.375,15.562
2023-10-20T10:28:04.486705,13.437,15.625
2023-10-20T10:29:06.150858,13.562,15.687
2023-10-20T10:30:07.798679,13.5,15.625
2023-10-20T10:31:09.498704,13.5,15.625
2023-10-20T10:32:11.199273,13.375,15.687
2023-10-20T10:33:12.870444,13.375,15.687
2023-10-20T10:34:14.534618,13.312,15.75
2023-10-20T10:35:16.178724,13.312,15.75
2023-10-20T10:36:17.862659,13.437,15.812
2023-10-20T10:37:19.526727,13.5,15.875
2023-10-20T10:38:21.190581,13.5,15.875
2023-10-20T10:39:22.854530,13.5,15.875
2023-10-20T10:40:24.518581,13.5,15.937
2023-10-20T10:41:26.182670,13.5,15.937
2023-10-20T10:42:27.826659,13.437,16.0
2023-10-20T10:43:29.510639,13.5,16.0
2023-10-20T10:44:31.178782,13.437,15.937
2023-10-20T10:45:32.818702,13.437,15.937
2023-10-20T10:46:34.502622,13.375,15.875
2023-10-20T10:47:36.156721,13.375,15.875
2023-10-20T10:48:37.786672,13.5,15.875
2023-10-20T10:49:39.462601,13.625,15.875
2023-10-20T10:50:41.086676,13.5,15.812
2023-10-20T10:51:42.758743,13.5,15.875
2023-10-20T10:52:44.394700,13.562,15.875
2023-10-20T10:53:46.054726,13.562,15.875
2023-10-20T10:54:47.718656,13.625,15.875
2023-10-20T10:55:49.382591,13.562,15.875
2023-10-20T10:56:51.046621,13.5,15.875
2023-10-20T10:57:52.658680,13.687,15.875
2023-10-20T10:58:54.342698,13.562,15.875
2023-10-20T10:59:56.006881,13.5,15.875
2023-10-20T11:00:57.670632,13.562,15.937
2023-10-20T11:01:59.334644,13.687,15.937
2023-10-20T11:03:01.000828,13.687,15.937
2023-10-20T11:04:02.662618,13.75,16.0
2023-10-20T11:05:04.326602,13.625,16.0
2023-10-20T11:06:05.945068,13.687,16.0
2023-10-20T11:07:07.622631,13.562,16.0
2023-10-20T11:08:09.236052,13.625,16.062
2023-10-20T11:09:10.918607,13.687,16.062
2023-10-20T11:10:12.582792,13.625,16.062
2023-10-20T11:11:14.246691,13.687,16.062
2023-10-20T11:12:15.910635,13.625,16.062
2023-10-20T11:13:17.574761,13.625,16.062
2023-10-20T11:14:19.238527,13.562,16.062
2023-10-20T11:15:20.902650,13.625,16.125
2023-10-20T11:16:22.566755,13.687,16.187
2023-10-20T11:17:24.230609,13.562,16.187
2023-10-20T11:18:25.894497,13.625,16.187
2023-10-20T11:19:27.558607,13.687,16.187
2023-10-20T11:20:29.222305,13.625,16.187
2023-10-20T11:21:30.838667,13.625,16.187
2023-10-20T11:22:32.518615,13.625,16.187
2023-10-20T11:23:34.182623,13.625,16.187
2023-10-20T11:24:35.846605,13.562,16.187
2023-10-20T11:25:37.484873,13.75,16.187
2023-10-20T11:26:39.090654,13.687,16.25
2023-10-20T11:27:40.774719,13.75,16.312
2023-10-20T11:28:42.438706,13.75,16.312
2023-10-20T11:29:44.102649,13.687,16.375
2023-10-20T11:30:45.766619,13.875,16.437
2023-10-20T11:31:47.385777,13.937,16.437
2023-10-20T11:32:49.062511,13.812,16.375
2023-10-20T11:33:50.726696,13.687,16.437
2023-10-20T11:34:52.390601,13.812,16.375
2023-10-20T11:35:54.054526,13.937,16.375
2023-10-20T11:36:55.718684,14.0,16.375
2023-10-20T11:37:57.382597,13.75,16.375
2023-10-20T11:38:59.046615,13.812,16.375
2023-10-20T11:40:00.710641,13.812,16.375
2023-10-20T11:41:02.354672,13.937,16.437
2023-10-20T11:42:04.040565,13.937,16.437
2023-10-20T11:43:05.704454,13.875,16.437
2023-10-20T11:44:07.366595,13.875,16.375
2023-10-20T11:45:09.030604,13.75,16.375
2023-10-20T11:46:10.694576,13.75,16.375
2023-10-20T11:47:12.358690,13.812,16.375
2023-10-20T11:48:14.022593,13.875,16.312
2023-10-20T11:49:15.686587,13.812,16.312
2023-10-20T11:50:17.350518,13.812,16.375
2023-10-20T11:51:19.014982,13.812,16.375
2023-10-20T11:52:20.680728,13.812,16.375
2023-10-20T11:53:22.342717,13.875,16.375
2023-10-20T11:54:24.007025,13.812,16.312
2023-10-20T11:55:25.670703,14.0,16.375
2023-10-20T11:56:27.334621,13.937,16.375
2023-10-20T11:57:28.978666,14.125,16.437
2023-10-20T11:58:30.664476,14.062,16.437
2023-10-20T11:59:32.326605,14.062,16.5
2023-10-20T12:00:33.990517,14.062,16.5
2023-10-20T12:01:35.654763,14.062,16.562
2023-10-20T12:02:37.318590,14.062,16.625
2023-10-20T12:03:38.982612,14.062,16.625
2023-10-20T12:04:40.646588,13.875,16.562
2023-10-20T12:05:42.310721,13.937,16.625
2023-10-20T12:06:43.974601,13.812,16.625
2023-10-20T12:07:45.638309,13.875,16.625
2023-10-20T12:08:47.302613,13.937,16.625
2023-10-20T12:09:48.966601,13.937,16.625
2023-10-20T12:10:50.578718,13.937,16.625
2023-10-20T12:11:52.262735,14.0,16.625
2023-10-20T12:12:53.926658,14.187,16.625
2023-10-20T12:13:55.590596,14.125,16.625
2023-10-20T12:14:57.254530,14.125,16.687
2023-10-20T12:15:58.918593,14.187,16.687
2023-10-20T12:17:00.582593,14.062,16.625
2023-10-20T12:18:02.249898,14.0,16.625
2023-10-20T12:19:03.914768,14.062,16.625
2023-10-20T12:20:05.580765,13.937,16.625
2023-10-20T12:21:07.238626,13.937,16.562
2023-10-20T12:22:08.902642,14.0,16.562
2023-10-20T12:23:10.566685,13.937,16.562
2023-10-20T12:24:12.230657,14.0,16.562
2023-10-20T12:25:13.894532,14.187,16.625
2023-10-20T12:26:15.510670,14.25,16.687
2023-10-20T12:27:17.190587,14.187,16.75
2023-10-20T12:28:18.802945,14.062,16.812
2023-10-20T12:29:20.486589,14.062,16.812
2023-10-20T12:30:22.150588,14.125,16.875
2023-10-20T12:31:23.834689,14.125,16.875
2023-10-20T12:32:25.510530,14.312,16.937
2023-10-20T12:33:27.174603,14.187,17.0
2023-10-20T12:34:28.818711,14.25,17.0
2023-10-20T12:35:30.502510,14.437,17.062
2023-10-20T12:36:32.166606,14.5,17.125
2023-10-20T12:37:33.830597,14.687,17.125
2023-10-20T12:38:35.494595,14.75,17.187
2023-10-20T12:39:37.158610,14.75,17.187
2023-10-20T12:40:38.822608,14.625,17.312
2023-10-20T12:41:40.486643,14.625,17.375
2023-10-20T12:42:42.151248,14.625,17.5
2023-10-20T12:43:43.814632,14.437,17.5
2023-10-20T12:44:45.478601,14.375,17.562
2023-10-20T12:45:47.142526,14.5,17.562
2023-10-20T12:46:48.806521,14.375,17.625
2023-10-20T12:47:50.470643,14.437,17.687
2023-10-20T12:48:52.134525,14.625,17.75
2023-10-20T12:49:53.798621,14.812,17.812
2023-10-20T12:50:55.462765,14.812,17.875
2023-10-20T12:51:57.126528,14.812,17.875
2023-10-20T12:52:58.790646,14.687,17.937
2023-10-20T12:54:00.454608,14.625,18.0
2023-10-20T12:55:02.079683,14.75,18.0
2023-10-20T12:56:03.751036,14.875,18.062
2023-10-20T12:57:05.414717,14.875,18.0
2023-10-20T12:58:07.078535,14.937,18.062
2023-10-20T12:59:08.690845,14.875,18.062
2023-10-20T13:00:10.374515,14.562,18.0
2023-10-20T13:01:12.022678,14.5,17.937
2023-10-20T13:02:13.704876,14.562,17.937
2023-10-20T13:03:15.366657,14.437,17.875
2023-10-20T13:04:17.030630,14.375,17.812
2023-10-20T13:05:18.694596,14.5,17.812
2023-10-20T13:06:20.306655,14.5,17.812
2023-10-20T13:07:21.945838,14.5,17.812
2023-10-20T13:08:23.622597,14.562,17.812
2023-10-20T13:09:25.286617,14.562,17.75
2023-10-20T13:10:26.950603,14.625,17.812
2023-10-20T13:11:28.614739,14.437,17.75
2023-10-20T13:12:30.278612,14.625,17.75
2023-10-20T13:13:31.922868,14.75,17.812
2023-10-20T13:14:33.606675,14.875,17.812
2023-10-20T13:15:35.270650,14.812,17.812
2023-10-20T13:16:36.934625,14.75,17.875
2023-10-20T13:17:38.598611,14.562,17.875
2023-10-20T13:18:40.262606,14.562,17.875
2023-10-20T13:19:41.926602,14.625,17.875
2023-10-20T13:20:43.538672,14.562,17.875
2023-10-20T13:21:45.222586,14.375,17.875
2023-10-20T13:22:46.886631,14.375,17.875
2023-10-20T13:23:48.550779,14.562,17.875
2023-10-20T13:24:50.214531,14.562,17.875
2023-10-20T13:25:51.878530,14.437,17.937
2023-10-20T13:26:53.542593,14.5,17.937
2023-10-20T13:27:55.154670,14.625,17.875
2023-10-20T13:28:56.838611,14.562,17.875
2023-10-20T13:29:58.502602,14.625,17.875
2023-10-20T13:31:00.166710,14.562,17.875
2023-10-20T13:32:01.830647,14.562,17.812
2023-10-20T13:33:03.496731,14.625,17.812
2023-10-20T13:34:05.158766,14.562,17.687
2023-10-20T13:35:06.770674,14.75,17.625
2023-10-20T13:36:08.454614,14.562,17.625
2023-10-20T13:37:10.118604,14.5,17.562
2023-10-20T13:38:11.782643,14.375,17.562
2023-10-20T13:39:13.448144,14.5,17.562
2023-10-20T13:40:15.058671,14.5,17.562
2023-10-20T13:41:16.742509,14.5,17.562
2023-10-20T13:42:18.406601,14.312,17.562
2023-10-20T13:43:20.070313,14.375,17.562
2023-10-20T13:44:21.734603,14.375,17.5
2023-10-20T13:45:23.398602,14.312,17.5
2023-10-20T13:46:25.061915,14.312,17.5
2023-10-20T13:47:26.726641,14.625,17.5
2023-10-20T13:48:28.391293,14.437,17.5
2023-10-20T13:49:30.002675,14.5,17.5
2023-10-20T13:50:31.686600,14.5,17.5
2023-10-20T13:51:33.354769,14.625,17.562
2023-10-20T13:52:35.014734,14.687,17.5
2023-10-20T13:53:36.678603,14.75,17.5
2023-10-20T13:54:38.290639,14.75,17.5
2023-10-20T13:55:39.974645,14.562,17.562
2023-10-20T13:56:41.627596,14.5,17.5
2023-10-20T13:57:43.302605,14.562,17.562
2023-10-20T13:58:44.966605,14.625,17.562
2023-10-20T13:59:46.630624,14.5,17.562
2023-10-20T14:00:48.294622,14.5,17.5
2023-10-20T14:01:49.960188,14.562,17.562
2023-10-20T14:02:51.622535,14.562,17.5
2023-10-20T14:03:53.286528,14.687,17.562
2023-10-20T14:04:54.950607,14.812,17.562
2023-10-20T14:05:56.614610,14.812,17.5
2023-10-20T14:06:58.278628,14.625,17.5
2023-10-20T14:07:59.942515,14.5,17.437
2023-10-20T14:09:01.610396,14.625,17.437
2023-10-20T14:10:03.270644,14.687,17.5
2023-10-20T14:11:04.934523,14.75,17.5
2023-10-20T14:12:06.598675,14.812,17.5
2023-10-20T14:13:08.262622,14.687,17.5
2023-10-20T14:14:09.926590,14.625,17.5
2023-10-20T14:15:11.590598,14.75,17.5
2023-10-20T14:16:13.254514,14.75,17.5
2023-10-20T14:17:14.918630,14.812,17.562
2023-10-20T14:18:16.582593,14.687,17.5
2023-10-20T14:19:18.223536,14.75,17.562
2023-10-20T14:20:19.854692,14.875,17.562
2023-10-20T14:21:21.542329,14.812,17.5
2023-10-20T14:22:23.176942,14.875,17.5
2023-10-20T14:23:24.838715,14.937,17.5
2023-10-20T14:24:26.502600,14.687,17.437
2023-10-20T14:25:28.166517,14.562,17.437
2023-10-20T14:26:29.830506,14.562,17.375
2023-10-20T14:27:31.494510,14.687,17.375
2023-10-20T14:28:33.158608,14.625,17.375
2023-10-20T14:29:34.822644,14.5,17.312
2023-10-20T14:30:36.502591,14.5,17.25
2023-10-20T14:31:38.182645,14.625,17.25
2023-10-20T14:32:39.846592,14.562,17.25
2023-10-20T14:33:41.483988,14.5,17.187
2023-10-20T14:34:43.142609,14.625,17.187
2023-10-20T14:35:44.806525,14.687,17.187
2023-10-20T14:36:46.470623,14.562,17.187
2023-10-20T14:37:48.134610,14.625,17.187
2023-10-20T14:38:49.798605,14.625,17.187
2023-10-20T14:39:51.462413,14.562,17.187
2023-10-20T14:40:53.126589,14.625,17.125
2023-10-20T14:41:54.790786,14.562,17.125
2023-10-20T14:42:56.454648,14.5,17.125
2023-10-20T14:43:58.098655,14.5,17.125
2023-10-20T14:44:59.782788,14.562,17.062
2023-10-20T14:46:01.446528,14.562,17.125
2023-10-20T14:47:03.110630,14.687,17.062
2023-10-20T14:48:04.726658,14.75,17.125
2023-10-20T14:49:06.406629,14.687,17.125
2023-10-20T14:50:08.047712,14.687,17.187
2023-10-20T14:51:09.714674,14.687,17.25
2023-10-20T14:52:11.398613,14.812,17.25
2023-10-20T14:53:13.062633,14.75,17.25
2023-10-20T14:54:14.726751,14.687,17.25
2023-10-20T14:55:16.390604,14.812,17.187
2023-10-20T14:56:18.054610,14.875,17.187
2023-10-20T14:57:19.718607,14.75,17.25
2023-10-20T14:58:21.382500,14.812,17.187
2023-10-20T14:59:23.046642,14.875,17.25
2023-10-20T15:00:24.710687,14.875,17.25
2023-10-20T15:01:26.377033,14.937,17.25
2023-10-20T15:02:28.038739,14.812,17.25
2023-10-20T15:03:29.698036,14.875,17.25
2023-10-20T15:04:31.366608,14.937,17.25
2023-10-20T15:05:33.030616,15.0,17.312
2023-10-20T15:06:34.694620,14.937,17.312
2023-10-20T15:07:36.358714,15.062,17.312
2023-10-20T15:08:38.022762,15.125,17.375
2023-10-20T15:09:39.686522,15.0,17.375
2023-10-20T15:10:41.350643,14.937,17.375
2023-10-20T15:11:43.018785,14.875,17.375
2023-10-20T15:12:44.678611,14.937,17.437
2023-10-20T15:13:46.342534,14.937,17.437
2023-10-20T15:14:47.954658,14.875,17.375
2023-10-20T15:15:49.613502,14.937,17.375
2023-10-20T15:16:51.280957,15.062,17.437
2023-10-20T15:17:52.974672,15.062,17.375
2023-10-20T15:18:54.662632,14.937,17.375
2023-10-20T15:19:56.326686,14.875,17.437
2023-10-20T15:20:57.939622,14.812,17.437
2023-10-20T15:21:59.570647,14.875,17.375
2023-10-20T15:23:01.254609,14.75,17.375
2023-10-20T15:24:02.918616,14.937,17.375
2023-10-20T15:25:04.582590,14.937,17.437
2023-10-20T15:26:06.246646,14.875,17.437
2023-10-20T15:27:07.910593,15.062,17.437
2023-10-20T15:28:09.574521,15.0,17.437
2023-10-20T15:29:11.186632,15.125,17.437
2023-10-20T15:30:12.870668,15.125,17.375
2023-10-20T15:31:14.534773,14.875,17.437
2023-10-20T15:32:16.198614,14.937,17.437
2023-10-20T15:33:17.862508,15.0,17.437
2023-10-20T15:34:19.526602,15.125,17.437
2023-10-20T15:35:21.190619,15.062,17.437
2023-10-20T15:36:22.854523,15.0,17.437
2023-10-20T15:37:24.518761,15.0,17.5
2023-10-20T15:38:26.182516,15.0,17.562
2023-10-20T15:39:27.846526,15.187,17.562
2023-10-20T15:40:29.510688,15.312,17.625
2023-10-20T15:41:31.174679,15.312,17.625
2023-10-20T15:42:32.838497,15.25,17.625
2023-10-20T15:43:34.502576,15.187,17.687
2023-10-20T15:44:36.166708,15.187,17.687
2023-10-20T15:45:37.810679,15.187,17.75
2023-10-20T15:46:39.494590,15.187,17.875
2023-10-20T15:47:41.158593,15.312,17.875
2023-10-20T15:48:42.822639,15.312,17.937
2023-10-20T15:49:44.488478,15.562,18.062
2023-10-20T15:50:46.150613,15.625,18.125
2023-10-20T15:51:47.814624,15.562,18.25
2023-10-20T15:52:49.426667,15.562,18.187
2023-10-20T15:53:51.110785,15.312,18.25
2023-10-20T15:54:52.774512,15.125,18.25
2023-10-20T15:55:54.438611,15.187,18.25
2023-10-20T15:56:56.102630,15.187,18.187
2023-10-20T15:57:57.753341,15.375,18.187
2023-10-20T15:58:59.429761,15.375,18.125
2023-10-20T16:00:01.094959,15.437,18.062
2023-10-20T16:01:02.758013,15.25,18.062
2023-10-20T16:02:04.422617,15.375,18.0
2023-10-20T16:03:06.086608,15.312,17.937
2023-10-20T16:04:07.750727,15.25,17.875
2023-10-20T16:05:09.462590,15.187,17.812
2023-10-20T16:06:11.142614,15.25,17.812
2023-10-20T16:07:12.806265,15.125,17.812
2023-10-20T16:08:14.469869,15.125,17.75
2023-10-20T16:09:16.134603,15.062,17.75
2023-10-20T16:10:17.798590,15.062,17.687
2023-10-20T16:11:19.442686,15.187,17.687
2023-10-20T16:12:21.126728,15.312,17.687
2023-10-20T16:13:22.790647,15.187,17.625
2023-10-20T16:14:24.454682,15.062,17.625
2023-10-20T16:15:26.118616,15.0,17.625
2023-10-20T16:16:27.782590,15.062,17.625
2023-10-20T16:17:29.450051,15.062,17.562
2023-10-20T16:18:31.058867,15.0,17.562
2023-10-20T16:19:32.742600,15.062,17.5
2023-10-20T16:20:34.406598,14.937,17.5
2023-10-20T16:21:36.066676,14.937,17.437
2023-10-20T16:22:37.734619,14.937,17.437
2023-10-20T16:23:39.398675,15.0,17.375
2023-10-20T16:24:41.062505,15.062,17.312
2023-10-20T16:25:42.726602,15.125,17.312
2023-10-20T16:26:44.390696,15.062,17.187
2023-10-20T16:27:46.054756,15.0,17.125
2023-10-20T16:28:47.718641,14.875,17.062
2023-10-20T16:29:49.386779,14.875,17.0
2023-10-20T16:30:51.046614,14.937,16.937
2023-10-20T16:31:52.710614,14.75,16.875
2023-10-20T16:32:54.345451,14.75,16.812
2023-10-20T16:33:56.006971,14.75,16.75
2023-10-20T16:34:57.670615,14.75,16.75
2023-10-20T16:35:59.309141,14.625,16.687
2023-10-20T16:37:00.945865,14.625,16.687
2023-10-20T16:38:02.630607,14.687,16.687
2023-10-20T16:39:04.294621,14.75,16.687
2023-10-20T16:40:05.945895,14.75,16.687
2023-10-20T16:41:07.622733,14.625,16.625
2023-10-20T16:42:09.286597,14.562,16.625
2023-10-20T16:43:10.953869,14.5,16.625
2023-10-20T16:44:12.614607,14.562,16.562
2023-10-20T16:45:14.278665,14.5,16.562
2023-10-20T16:46:15.942616,14.5,16.562
2023-10-20T16:47:17.606535,14.5,16.562
2023-10-20T16:48:19.270609,14.5,16.562
2023-10-20T16:49:20.934617,14.562,16.5
2023-10-20T16:50:22.600251,14.5,16.5
2023-10-20T16:51:24.262595,14.5,16.437
2023-10-20T16:52:25.942655,14.562,16.437
2023-10-20T16:53:27.570704,14.562,16.375
2023-10-20T16:54:29.234630,14.375,16.375
2023-10-20T16:55:30.918721,14.5,16.375
2023-10-20T16:56:32.534630,14.437,16.312
2023-10-20T16:57:34.214619,14.437,16.312
2023-10-20T16:58:35.878683,14.375,16.312
2023-10-20T16:59:37.542566,14.375,16.25
2023-10-20T17:00:39.206635,14.375,16.25
2023-10-20T17:01:40.870699,14.375,16.187
2023-10-20T17:02:42.534595,14.312,16.187
2023-10-20T17:03:44.198672,14.312,16.125
2023-10-20T17:04:45.862617,14.25,16.062
2023-10-20T17:05:47.526591,14.25,16.125
2023-10-20T17:06:49.190680,14.187,16.062
2023-10-20T17:07:50.818635,14.125,16.062
2023-10-20T17:08:52.486653,14.125,16.062
2023-10-20T17:09:54.151300,14.125,16.0
2023-10-20T17:10:55.762864,14.187,16.0
2023-10-20T17:11:57.446608,14.187,16.0
2023-10-20T17:12:59.110650,14.187,16.0
2023-10-20T17:14:00.775314,14.125,16.0
2023-10-20T17:15:02.438607,14.125,16.0
2023-10-20T17:16:04.074708,14.25,15.937
2023-10-20T17:17:05.734706,14.187,16.0
2023-10-20T17:18:07.398655,14.125,15.937
2023-10-20T17:19:09.062703,14.25,16.0
2023-10-20T17:20:10.698699,14.187,15.937
2023-10-20T17:21:12.360520,14.062,15.937
2023-10-20T17:22:14.022598,14.125,15.937
2023-10-20T17:23:15.686592,14.125,15.937
2023-10-20T17:24:17.330633,14.125,15.937
2023-10-20T17:25:18.998662,14.062,15.937
2023-10-20T17:26:20.678685,14.125,15.875
2023-10-20T17:27:22.342589,14.125,15.875
2023-10-20T17:28:24.006777,14.125,15.875
2023-10-20T17:29:25.670597,14.125,15.875
2023-10-20T17:30:27.334581,14.25,15.812
2023-10-20T17:31:28.945857,14.312,15.812
2023-10-20T17:32:30.574633,14.312,15.812
2023-10-20T17:33:32.262692,14.312,15.812
2023-10-20T17:34:33.926586,14.25,15.75
2023-10-20T17:35:35.590726,14.312,15.75
2023-10-20T17:36:37.254598,14.25,15.687
2023-10-20T17:37:38.918672,14.25,15.625
2023-10-20T17:38:40.582649,14.25,15.625
2023-10-20T17:39:42.246619,14.187,15.5
2023-10-20T17:40:43.910373,14.187,15.5
2023-10-20T17:41:45.574603,14.125,15.437
2023-10-20T17:42:47.218663,14.062,15.437
2023-10-20T17:43:48.902707,14.062,15.375
2023-10-20T17:44:50.566600,14.062,15.312
2023-10-20T17:45:52.230528,14.0,15.312
2023-10-20T17:46:53.894494,14.062,15.312
2023-10-20T17:47:55.558650,14.0,15.312
2023-10-20T17:48:57.222614,14.0,15.25
2023-10-20T17:49:58.886625,14.0,15.25
2023-10-20T17:51:00.550587,14.062,15.25
2023-10-20T17:52:02.215041,14.0,15.25
2023-10-20T17:53:03.840962,13.937,15.187
2023-10-20T17:54:05.510736,13.937,15.187
2023-10-20T17:55:07.170636,13.875,15.187
2023-10-20T17:56:08.782667,13.812,15.125
2023-10-20T17:57:10.470730,13.75,15.125
2023-10-20T17:58:12.134747,13.75,15.125
2023-10-20T17:59:13.798694,13.75,15.062
2023-10-20T18:00:15.462622,13.687,15.062
2023-10-20T18:01:17.074661,13.687,15.0
2023-10-20T18:02:18.758621,13.687,15.0
2023-10-20T18:03:20.422621,13.625,14.937
2023-10-20T18:04:22.086811,13.625,14.875
2023-10-20T18:05:23.750638,13.562,14.875
2023-10-20T18:06:25.414605,13.562,14.812
2023-10-20T18:07:27.078597,13.562,14.75
2023-10-20T18:08:28.742599,13.562,14.812
2023-10-20T18:09:30.406592,13.562,14.75
2023-10-20T18:10:32.062721,13.562,14.687
2023-10-20T18:11:33.680814,13.5,14.687
2023-10-20T18:12:35.366616,13.5,14.687
2023-10-20T18:13:37.030702,13.437,14.687
2023-10-20T18:14:38.694625,13.5,14.625
2023-10-20T18:15:40.358514,13.437,14.625
2023-10-20T18:16:42.022606,13.437,14.687
2023-10-20T18:17:43.686643,13.437,14.625
2023-10-20T18:18:45.350650,13.437,14.625
2023-10-20T18:19:47.014683,13.437,14.625
2023-10-20T18:20:48.678606,13.437,14.562
2023-10-20T18:21:50.342477,13.375,14.625
2023-10-20T18:22:52.006606,13.437,14.625
2023-10-20T18:23:53.670627,13.437,14.625
2023-10-20T18:24:55.334527,13.437,14.625
2023-10-20T18:25:56.946274,13.437,14.687
2023-10-20T18:26:58.582672,13.437,14.687
2023-10-20T18:28:00.262612,13.5,14.75
2023-10-20T18:29:01.888262,13.437,14.75
2023-10-20T18:30:03.558747,13.437,14.812
2023-10-20T18:31:05.222607,13.437,14.75
2023-10-20T18:32:06.918634,13.5,14.75
2023-10-20T18:33:08.582624,13.5,14.75
2023-10-20T18:34:10.246534,13.437,14.75
2023-10-20T18:35:11.910473,13.437,14.75
2023-10-20T18:36:13.574606,13.375,14.687
2023-10-20T18:37:15.238597,13.437,14.687
2023-10-20T18:38:16.902641,13.375,14.625
2023-10-20T18:39:18.546669,13.375,14.562
2023-10-20T18:40:20.234791,13.375,14.562
2023-10-20T18:41:21.894022,13.25,14.437
2023-10-20T18:42:23.558741,13.25,14.437
2023-10-20T18:43:25.222606,13.187,14.375
2023-10-20T18:44:26.886528,13.25,14.375
2023-10-20T18:45:28.550699,13.187,14.312
2023-10-20T18:46:30.162867,13.187,14.312
2023-10-20T18:47:31.846615,13.187,14.25
2023-10-20T18:48:33.510620,13.125,14.25
2023-10-20T18:49:35.174696,13.125,14.187
2023-10-20T18:50:36.838521,13.125,14.187
2023-10-20T18:51:38.503070,13.062,14.125
2023-10-20T18:52:40.166610,13.0,14.125
2023-10-20T18:53:41.830609,13.062,14.062
2023-10-20T18:54:43.494678,13.0,14.062
2023-10-20T18:55:45.158611,13.062,14.062
2023-10-20T18:56:46.822639,13.0,14.0
2023-10-20T18:57:48.486627,13.0,14.0
2023-10-20T18:58:50.150636,13.0,14.0
2023-10-20T18:59:51.814664,13.0,13.937
2023-10-20T19:00:53.478630,12.937,13.937
2023-10-20T19:01:55.142669,12.875,13.937
2023-10-20T19:02:56.806507,12.937,13.937
2023-10-20T19:03:58.470640,12.875,13.937
2023-10-20T19:05:00.134618,12.937,13.875
2023-10-20T19:06:01.798371,12.812,13.875
2023-10-20T19:07:03.462632,12.812,13.875
2023-10-20T19:08:05.106663,12.812,13.812
2023-10-20T19:09:06.790628,12.75,13.812
2023-10-20T19:10:08.454754,12.75,13.812
2023-10-20T19:11:10.116967,12.75,13.75
2023-10-20T19:12:11.782602,12.687,13.75
2023-10-20T19:13:13.446599,12.625,13.75
2023-10-20T19:14:15.110668,12.625,13.625
2023-10-20T19:15:16.822424,12.562,13.687
2023-10-20T19:16:18.500890,12.562,13.625
2023-10-20T19:17:20.166651,12.5,13.625
2023-10-20T19:18:21.802659,12.5,13.562
2023-10-20T19:19:23.462604,12.5,13.562
2023-10-20T19:20:25.126614,12.5,13.562
2023-10-20T19:21:26.770645,12.437,13.5
2023-10-20T19:22:28.454664,12.437,13.5
2023-10-20T19:23:30.118513,12.375,13.5
2023-10-20T19:24:31.730707,12.375,13.5
2023-10-20T19:25:33.446852,12.375,13.5
2023-10-20T19:26:35.110627,12.312,13.5
2023-10-20T19:27:36.774623,12.375,13.5
2023-10-20T19:28:38.430092,12.312,13.5
2023-10-20T19:29:40.106808,12.312,13.5
2023-10-20T19:30:41.766624,12.375,13.5
2023-10-20T19:31:43.434701,12.312,13.5
2023-10-20T19:32:45.098432,12.312,13.5
2023-10-20T19:33:46.759535,12.312,13.5
2023-10-20T19:34:48.382672,12.312,13.5
2023-10-20T19:35:50.034669,12.312,13.5
2023-10-20T19:36:51.718620,12.375,13.562
2023-10-20T19:37:53.382516,12.312,13.562
2023-10-20T19:38:55.046510,12.312,13.562
2023-10-20T19:39:56.710596,12.375,13.562
2023-10-20T19:40:58.361071,12.437,13.562
2023-10-20T19:42:00.038619,12.375,13.562
2023-10-20T19:43:01.677802,12.312,13.562
2023-10-20T19:44:03.366704,12.25,13.562
2023-10-20T19:45:05.032728,12.25,13.562
2023-10-20T19:46:06.694646,12.25,13.562
2023-10-20T19:47:08.358799,12.312,13.5
2023-10-20T19:48:10.022607,12.25,13.5
2023-10-20T19:49:11.686617,12.187,13.5
2023-10-20T19:50:13.350666,12.187,13.437
2023-10-20T19:51:15.014937,12.25,13.437
2023-10-20T19:52:16.678677,12.187,13.437
2023-10-20T19:53:18.342671,12.187,13.437
2023-10-20T19:54:20.006958,12.125,13.437
2023-10-20T19:55:21.670614,12.187,13.437
2023-10-20T19:56:23.334628,12.187,13.375
2023-10-20T19:57:24.998618,12.25,13.375
2023-10-20T19:58:26.631756,12.187,13.437
2023-10-20T19:59:28.294608,12.187,13.437
2023-10-20T20:00:29.945187,12.187,13.375
2023-10-20T20:01:31.622643,12.187,13.375
2023-10-20T20:02:33.302586,12.125,13.437
2023-10-20T20:03:34.945856,12.125,13.437
2023-10-20T20:04:36.614616,12.062,13.375
2023-10-20T20:05:38.278785,12.062,13.375
2023-10-20T20:06:39.890675,12.062,13.375
2023-10-20T20:07:41.574666,12.062,13.437
2023-10-20T20:08:43.238603,12.125,13.375
2023-10-20T20:09:44.902649,12.125,13.437
2023-10-20T20:10:46.546462,12.125,13.375
2023-10-20T20:11:48.230587,12.125,13.375
2023-10-20T20:12:49.894599,12.125,13.375
2023-10-20T20:13:51.506682,12.125,13.375
2023-10-20T20:14:53.190595,12.125,13.375
2023-10-20T20:15:54.854609,12.125,13.375
2023-10-20T20:16:56.519246,12.187,13.312
2023-10-20T20:17:58.182643,12.187,13.312
2023-10-20T20:18:59.846627,12.062,13.312
2023-10-20T20:20:01.510647,12.062,13.25
2023-10-20T20:21:03.174620,12.125,13.25
2023-10-20T20:22:04.838618,12.062,13.25
2023-10-20T20:23:06.502601,12.062,13.25
2023-10-20T20:24:08.168711,12.062,13.25
2023-10-20T20:25:09.830609,12.062,13.25
2023-10-20T20:26:11.494651,12.062,13.25
2023-10-20T20:27:13.158532,12.062,13.25
2023-10-20T20:28:14.822596,12.062,13.25
2023-10-20T20:29:16.486608,12.125,13.25
2023-10-20T20:30:18.130667,12.125,13.25
2023-10-20T20:31:19.846758,12.062,13.187
2023-10-20T20:32:21.510734,12.0,13.25
2023-10-20T20:33:23.174588,12.0,13.187
2023-10-20T20:34:24.838585,12.062,13.25
2023-10-20T20:35:26.502618,12.0,13.25
2023-10-20T20:36:28.166624,12.0,13.25
2023-10-20T20:37:29.810370,12.0,13.25
2023-10-20T20:38:31.494608,12.062,13.312
2023-10-20T20:39:33.158600,12.062,13.312
2023-10-20T20:40:34.822523,12.0,13.312
2023-10-20T20:41:36.486691,12.062,13.312
2023-10-20T20:42:38.150614,12.0,13.375
2023-10-20T20:43:39.814467,12.062,13.375
2023-10-20T20:44:41.478745,12.062,13.375
2023-10-20T20:45:43.142729,12.062,13.375
2023-10-20T20:46:44.806621,12.062,13.375
2023-10-20T20:47:46.470533,12.125,13.437
2023-10-20T20:48:48.134526,12.125,13.437
2023-10-20T20:49:49.798612,12.125,13.437
2023-10-20T20:50:51.462617,12.125,13.437
2023-10-20T20:51:53.126605,12.187,13.437
2023-10-20T20:52:54.790645,12.187,13.437
2023-10-20T20:53:56.454729,12.187,13.437
2023-10-20T20:54:58.118643,12.187,13.437
2023-10-20T20:55:59.730672,12.25,13.5
2023-10-20T20:57:01.414583,12.25,13.5
2023-10-20T20:58:03.078605,12.25,13.5
2023-10-20T20:59:04.742623,12.25,13.5
2023-10-20T21:00:06.402581,12.312,13.437
2023-10-20T21:01:08.069995,12.25,13.437
2023-10-20T21:02:09.734535,12.25,13.437
2023-10-20T21:03:11.398450,12.312,13.437
2023-10-20T21:04:13.062591,12.187,13.375
2023-10-20T21:05:14.726526,12.25,13.312
2023-10-20T21:06:16.390591,12.187,13.312
2023-10-20T21:07:18.054616,12.187,13.312
2023-10-20T21:08:19.718599,12.187,13.25
2023-10-20T21:09:21.382613,12.187,13.25
2023-10-20T21:10:23.046576,12.187,13.25
2023-10-20T21:11:24.710752,12.25,13.25
2023-10-20T21:12:26.374525,12.25,13.25
2023-10-20T21:13:28.038799,12.312,13.25
2023-10-20T21:14:29.704492,12.312,13.187
2023-10-20T21:15:31.366497,12.187,13.187
2023-10-20T21:16:33.030685,12.187,13.187
2023-10-20T21:17:34.696507,12.25,13.25
2023-10-20T21:18:36.358614,12.25,13.25
2023-10-20T21:19:38.002648,12.25,13.25
2023-10-20T21:20:39.686593,12.187,13.25
2023-10-20T21:21:41.350505,12.187,13.25
2023-10-20T21:22:43.034633,12.187,13.25
2023-10-20T21:23:44.710616,12.187,13.25
2023-10-20T21:24:46.374597,12.187,13.187
2023-10-20T21:25:48.038772,12.187,13.25
2023-10-20T21:26:49.702596,12.187,13.187
2023-10-20T21:27:51.366618,12.187,13.125
2023-10-20T21:28:53.010690,12.125,13.125
2023-10-20T21:29:54.694791,12.125,13.062
2023-10-20T21:30:56.360426,12.125,13.062
2023-10-20T21:31:58.002713,12.062,13.062
2023-10-20T21:32:59.686598,12.0,13.0
2023-10-20T21:34:01.350607,12.0,13.0
2023-10-20T21:35:03.034516,12.0,12.937
2023-10-20T21:36:04.710738,12.0,12.937
2023-10-20T21:37:06.375997,11.937,12.937
2023-10-20T21:38:08.038374,11.937,12.937
2023-10-20T21:39:09.674672,12.0,12.875
2023-10-20T21:40:11.366610,12.0,12.875
2023-10-20T21:41:13.030530,11.937,12.875
2023-10-20T21:42:14.694599,11.937,12.875
2023-10-20T21:43:16.330276,11.937,12.812
2023-10-20T21:44:17.990501,11.875,12.812
2023-10-20T21:45:19.634775,11.875,12.812
2023-10-20T21:46:21.318701,11.875,12.812
2023-10-20T21:47:22.982601,11.875,12.75
2023-10-20T21:48:24.646611,11.812,12.75
2023-10-20T21:49:26.310531,11.812,12.75
2023-10-20T21:50:27.974509,11.812,12.75
2023-10-20T21:51:29.638668,11.812,12.75
2023-10-20T21:52:31.302629,11.75,12.687
2023-10-20T21:53:32.945850,11.75,12.687
2023-10-20T21:54:34.630694,11.687,12.687
2023-10-20T21:55:36.294649,11.687,12.625
2023-10-20T21:56:37.958590,11.687,12.625
2023-10-20T21:57:39.580742,11.687,12.625
2023-10-20T21:58:41.254653,11.687,12.625
2023-10-20T21:59:42.870640,11.687,12.625
2023-10-20T22:00:44.550718,11.625,12.625
2023-10-20T22:01:46.214618,11.625,12.562
2023-10-20T22:02:47.878584,11.625,12.562
2023-10-20T22:03:49.534698,11.562,12.562
2023-10-20T22:04:51.206724,11.625,12.562
2023-10-20T22:05:52.874209,11.562,12.5
2023-10-20T22:06:54.482693,11.625,12.5
2023-10-20T22:07:56.167247,11.562,12.5
2023-10-20T22:08:57.810631,11.562,12.5
2023-10-20T22:09:59.494765,11.562,12.5
2023-10-20T22:11:01.158654,11.562,12.437
2023-10-20T22:12:02.822598,11.5,12.5
2023-10-20T22:13:04.486618,11.5,12.437
2023-10-20T22:14:06.150521,11.562,12.437
2023-10-20T22:15:07.816615,11.5,12.437
2023-10-20T22:16:09.478021,11.5,12.437
2023-10-20T22:17:11.142645,11.437,12.437
2023-10-20T22:18:12.806767,11.437,12.437
2023-10-20T22:19:14.470645,11.437,12.375
2023-10-20T22:20:16.134633,11.437,12.312
2023-10-20T22:21:17.798669,11.437,12.312
2023-10-20T22:22:19.462620,11.375,12.312
2023-10-20T22:23:21.106682,11.375,12.375
2023-10-20T22:24:22.791689,11.437,12.312
2023-10-20T22:25:24.454403,11.437,12.312
2023-10-20T22:26:26.120588,11.437,12.375
2023-10-20T22:27:27.782689,11.437,12.375
2023-10-20T22:28:29.446609,11.437,12.437
2023-10-20T22:29:31.110620,11.375,12.437
2023-10-20T22:30:32.722661,11.437,12.437
2023-10-20T22:31:34.406749,11.437,12.5
2023-10-20T22:32:36.070609,11.5,12.5
2023-10-20T22:33:37.734620,11.562,12.5
2023-10-20T22:34:39.398653,11.5,12.5
2023-10-20T22:35:41.062610,11.562,12.562
2023-10-20T22:36:42.726646,11.562,12.625
2023-10-20T22:37:44.338692,11.562,12.625
2023-10-20T22:38:46.022602,11.562,12.687
2023-10-20T22:39:47.686534,11.562,12.687
2023-10-20T22:40:49.329923,11.625,12.75
2023-10-20T22:41:51.014609,11.625,12.75
2023-10-20T22:42:52.678610,11.625,12.75
2023-10-20T22:43:54.342615,11.625,12.812
2023-10-20T22:44:55.972222,11.687,12.812
2023-10-20T22:45:57.638602,11.687,12.812
2023-10-20T22:46:59.302616,11.687,12.812
2023-10-20T22:48:00.966704,11.687,12.875
2023-10-20T22:49:02.630607,11.687,12.875
2023-10-20T22:50:04.294611,11.687,12.875
2023-10-20T22:51:05.958710,11.75,12.875
2023-10-20T22:52:07.574643,11.812,12.875
2023-10-20T22:53:09.286709,11.75,12.875
2023-10-20T22:54:10.945836,11.75,12.875
2023-10-20T22:55:12.614600,11.75,12.875
2023-10-20T22:56:14.278704,11.75,12.875
2023-10-20T22:57:15.926695,11.75,12.812
2023-10-20T22:58:17.554634,11.75,12.75
2023-10-20T22:59:19.238645,11.75,12.75
2023-10-20T23:00:20.904715,11.75,12.75
2023-10-20T23:01:22.566685,11.75,12.75
2023-10-20T23:02:24.226649,11.687,12.75
2023-10-20T23:03:25.894603,11.687,12.687
2023-10-20T23:04:27.558594,11.687,12.625
2023-10-20T23:05:29.170698,11.687,12.625
2023-10-20T23:06:30.854610,11.687,12.625
2023-10-20T23:07:32.518501,11.687,12.562
2023-10-20T23:08:34.182627,11.625,12.562
2023-10-20T23:09:35.823473,11.687,12.562
2023-10-20T23:10:37.510620,11.625,12.5
2023-10-20T23:11:39.222625,11.562,12.5
2023-10-20T23:12:40.902374,11.562,12.437
2023-10-20T23:13:42.566615,11.562,12.437
2023-10-20T23:14:44.230722,11.5,12.437
2023-10-20T23:15:45.894612,11.562,12.437
2023-10-20T23:16:47.558601,11.562,12.437
2023-10-20T23:17:49.202692,11.5,12.437
2023-10-20T23:18:50.886642,11.562,12.375
2023-10-20T23:19:52.554803,11.562,12.375
2023-10-20T23:20:54.214626,11.5,12.375
2023-10-20T23:21:55.878615,11.5,12.312
2023-10-20T23:22:57.542583,11.5,12.312
2023-10-20T23:23:59.206609,11.437,12.312
2023-10-20T23:25:00.870641,11.437,12.312
2023-10-20T23:26:02.514633,11.437,12.312
2023-10-20T23:27:04.198623,11.437,12.312
2023-10-20T23:28:05.863147,11.437,12.25
2023-10-20T23:29:07.526527,11.437,12.25
2023-10-20T23:30:09.186581,11.437,12.25
2023-10-20T23:31:10.853960,11.437,12.25
2023-10-20T23:32:12.518594,11.437,12.25
2023-10-20T23:33:14.162735,11.437,12.187
2023-10-20T23:34:15.794695,11.375,12.187
2023-10-20T23:35:17.478412,11.375,12.187
2023-10-20T23:36:19.142522,11.375,12.187
2023-10-20T23:37:20.806520,11.312,12.187
2023-10-20T23:38:22.470587,11.312,12.187
2023-10-20T23:39:24.134601,11.312,12.125
2023-10-20T23:40:25.798622,11.312,12.125
2023-10-20T23:41:27.462648,11.25,12.125
2023-10-20T23:42:29.126747,11.25,12.125
2023-10-20T23:43:30.790603,11.25,12.125
2023-10-20T23:44:32.454604,11.187,12.062
2023-10-20T23:45:34.118739,11.187,12.062
2023-10-20T23:46:35.782782,11.25,12.125
2023-10-20T23:47:37.446593,11.25,12.125
2023-10-20T23:48:39.110633,11.187,12.062
2023-10-20T23:49:40.774767,11.187,12.062
2023-10-20T23:50:42.438671,11.187,12.062
2023-10-20T23:51:44.102673,11.125,12.062
2023-10-20T23:52:45.766707,11.125,12.0
2023-10-20T23:53:47.430790,11.062,12.062
2023-10-20T23:54:49.094619,11.062,12.0
2023-10-20T23:55:50.758599,11.062,12.0
2023-10-20T23:56:52.422618,11.062,12.0
2023-10-20T23:57:54.086617,11.0,12.0
2023-10-20T23:58:55.750331,11.0,11.937
2023-10-20T23:59:57.414622,11.0,11.937
